sheet,row,volume,entry,headword,status,note
Именной,2,I,Агастья,Агастья,UNVERIFIED,presence-only coverage check needs the IDML index-story text extract; see coverage.py scope note
Именной,3,I,Агастья\великий риши,великий риши,UNVERIFIED,presence-only coverage check needs the IDML index-story text extract; see coverage.py scope note
Именной,4,I,Агни,Агни,UNVERIFIED,presence-only coverage check needs the IDML index-story text extract; see coverage.py scope note
Именной,5,I,Агни\Анала,Анала,UNVERIFIED,presence-only coverage check needs the IDML index-story text extract; see coverage.py scope note
Именной,6,I,Агни\идущий впереди [богов],идущий впереди [богов],UNVERIFIED,presence-only coverage check needs the IDML index-story text extract; see coverage.py scope note
Именной,7,I,Агни\Павака,Павака,UNVERIFIED,presence-only coverage check needs the IDML index-story text extract; see coverage.py scope note
Именной,8,I,Агни\пожиратель жертв,пожиратель жертв,UNVERIFIED,presence-only coverage check needs the IDML index-story text extract; see coverage.py scope note
Именной,9,I,Агниварна,Агниварна,UNVERIFIED,presence-only coverage check needs the IDML index-story text extract; see coverage.py scope note
Именной,10,I,Агниварна\сын Сударшаны,сын Сударшаны,UNVERIFIED,presence-only coverage check needs the IDML index-story text extract; see coverage.py scope note
Именной,11,I,Аджа,Аджа,UNVERIFIED,presence-only coverage check needs the IDML index-story text extract; see coverage.py scope note
Именной,12,I,Аджа\сын Набхаги,сын Набхаги,UNVERIFIED,presence-only coverage check needs the IDML index-story text extract; see coverage.py scope note
Именной,13,I,Адити,Адити,UNVERIFIED,presence-only coverage check needs the IDML index-story text extract; see coverage.py scope note
Именной,14,I,Адити\жена Кашьяпы,жена Кашьяпы,UNVERIFIED,presence-only coverage check needs the IDML index-story text extract; see coverage.py scope note
Именной,15,I,Адити\мать Вишну,мать Вишну,UNVERIFIED,presence-only coverage check needs the IDML index-story text extract; see coverage.py scope note
Именной,16,I,Адрикритастхали,Адрикритастхали,UNVERIFIED,presence-only coverage check needs the IDML index-story text extract; see coverage.py scope note
Именной,17,I,Айи-Равана,Айи-Равана,UNVERIFIED,presence-only coverage check needs the IDML index-story text extract; see coverage.py scope note
Именной,18,I,Айравата,Айравата,UNVERIFIED,presence-only coverage check needs the IDML index-story text extract; see coverage.py scope note
Именной,19,I,Айравата\слон Индры,слон Индры,UNVERIFIED,presence-only coverage check needs the IDML index-story text extract; see coverage.py scope note
Именной,20,I,Акопа,Акопа,UNVERIFIED,presence-only coverage check needs the IDML index-story text extract; see coverage.py scope note
Именной,21,I,Акша,Акша,UNVERIFIED,presence-only coverage check needs the IDML index-story text extract; see coverage.py scope note
Именной,22,I,Аламбуша,Аламбуша,UNVERIFIED,presence-only coverage check needs the IDML index-story text extract; see coverage.py scope note
Именной,23,I,Аламбуша,Аламбуша,UNVERIFIED,presence-only coverage check needs the IDML index-story text extract; see coverage.py scope note
Именной,24,I,Аларка,Аларка,UNVERIFIED,presence-only coverage check needs the IDML index-story text extract; see coverage.py scope note
Именной,25,I,Амбариша,Амбариша,UNVERIFIED,presence-only coverage check needs the IDML index-story text extract; see coverage.py scope note
Именной,26,I,Амбариша\потомок Икшваку,потомок Икшваку,UNVERIFIED,presence-only coverage check needs the IDML index-story text extract; see coverage.py scope note
Именной,27,I,Амбариша\потомок царей,потомок царей,UNVERIFIED,presence-only coverage check needs the IDML index-story text extract; see coverage.py scope note
Именной,28,I,Амбариша\сын Прашушрувы,сын Прашушрувы,UNVERIFIED,presence-only coverage check needs the IDML index-story text extract; see coverage.py scope note
Именной,29,I,Амбариша\царственный риши,царственный риши,UNVERIFIED,presence-only coverage check needs the IDML index-story text extract; see coverage.py scope note
Именной,30,I,Анаранья,Анаранья,UNVERIFIED,presence-only coverage check needs the IDML index-story text extract; see coverage.py scope note
Именной,31,I,Анаранья\сын Баны,сын Баны,UNVERIFIED,presence-only coverage check needs the IDML index-story text extract; see coverage.py scope note
Именной,32,I,Анасуя,Анасуя,UNVERIFIED,presence-only coverage check needs the IDML index-story text extract; see coverage.py scope note
Именной,33,I,Анасуя\дочь Дакши,дочь Дакши,UNVERIFIED,presence-only coverage check needs the IDML index-story text extract; see coverage.py scope note
Именной,34,I,Анасуя\жена (супруга) Атри,жена (супруга) Атри,UNVERIFIED,presence-only coverage check needs the IDML index-story text extract; see coverage.py scope note
Именной,35,I,Ангада,Ангада,UNVERIFIED,presence-only coverage check needs the IDML index-story text extract; see coverage.py scope note
Именной,36,I,Ангада\сын Валина,сын Валина,UNVERIFIED,presence-only coverage check needs the IDML index-story text extract; see coverage.py scope note
Именной,37,I,Ангарака,Ангарака,UNVERIFIED,presence-only coverage check needs the IDML index-story text extract; see coverage.py scope note
Именной,38,I,Ангарака\Лохитанга,Лохитанга,UNVERIFIED,presence-only coverage check needs the IDML index-story text extract; see coverage.py scope note
Именной,39,I,Ангарака\Мангала,Мангала,UNVERIFIED,presence-only coverage check needs the IDML index-story text extract; see coverage.py scope note
Именной,40,I,Ангарака\Марс,Марс,UNVERIFIED,presence-only coverage check needs the IDML index-story text extract; see coverage.py scope note
Именной,41,I,Ангирас,Ангирас,UNVERIFIED,presence-only coverage check needs the IDML index-story text extract; see coverage.py scope note
Именной,42,I,Анджана,Анджана,UNVERIFIED,presence-only coverage check needs the IDML index-story text extract; see coverage.py scope note
Именной,43,I,Анджана\слон Варуны,слон Варуны,UNVERIFIED,presence-only coverage check needs the IDML index-story text extract; see coverage.py scope note
Именной,44,I,Анила (ветер),Анила (ветер),UNVERIFIED,presence-only coverage check needs the IDML index-story text extract; see coverage.py scope note
Именной,45,I,Анша,Анша,UNVERIFIED,presence-only coverage check needs the IDML index-story text extract; see coverage.py scope note
Именной,46,I,Аншуман,Аншуман,UNVERIFIED,presence-only coverage check needs the IDML index-story text extract; see coverage.py scope note
Именной,47,I,Аншуман\внук Сагары,внук Сагары,UNVERIFIED,presence-only coverage check needs the IDML index-story text extract; see coverage.py scope note
Именной,48,I,Аншуман\сын Асаманьджи,сын Асаманьджи,UNVERIFIED,presence-only coverage check needs the IDML index-story text extract; see coverage.py scope note
Именной,49,I,Апа,Апа,UNVERIFIED,presence-only coverage check needs the IDML index-story text extract; see coverage.py scope note
Именной,50,I,Арджуна,Арджуна,UNVERIFIED,presence-only coverage check needs the IDML index-story text extract; see coverage.py scope note
Именной,51,I,Арджуна Картавирья,Арджуна Картавирья,UNVERIFIED,presence-only coverage check needs the IDML index-story text extract; see coverage.py scope note
Именной,52,I,Арьяман,Арьяман,UNVERIFIED,presence-only coverage check needs the IDML index-story text extract; see coverage.py scope note
Именной,53,I,Асаманьджа,Асаманьджа,UNVERIFIED,presence-only coverage check needs the IDML index-story text extract; see coverage.py scope note
Именной,54,I,Асаманьджа\сын Сагары,сын Сагары,UNVERIFIED,presence-only coverage check needs the IDML index-story text extract; see coverage.py scope note
Именной,55,I,Асита,Асита,UNVERIFIED,presence-only coverage check needs the IDML index-story text extract; see coverage.py scope note
Именной,56,I,Асита\сын Бхараты,сын Бхараты,UNVERIFIED,presence-only coverage check needs the IDML index-story text extract; see coverage.py scope note
Именной,57,I,Асуртараджаса,Асуртараджаса,UNVERIFIED,presence-only coverage check needs the IDML index-story text extract; see coverage.py scope note
Именной,58,I,Атри,Атри,UNVERIFIED,presence-only coverage check needs the IDML index-story text extract; see coverage.py scope note
Именной,59,I,Атри\сын Брахмы,сын Брахмы,UNVERIFIED,presence-only coverage check needs the IDML index-story text extract; see coverage.py scope note
Именной,60,I,Аурва,Аурва,UNVERIFIED,presence-only coverage check needs the IDML index-story text extract; see coverage.py scope note
Именной,61,I,Ахалья,Ахалья,UNVERIFIED,presence-only coverage check needs the IDML index-story text extract; see coverage.py scope note
Именной,62,I,Ахалья\жена Гаутамы,жена Гаутамы,UNVERIFIED,presence-only coverage check needs the IDML index-story text extract; see coverage.py scope note
Именной,63,I,Ашвапати,Ашвапати,UNVERIFIED,presence-only coverage check needs the IDML index-story text extract; see coverage.py scope note
Именной,64,I,Ашвапати\отец Кайкейи,отец Кайкейи,UNVERIFIED,presence-only coverage check needs the IDML index-story text extract; see coverage.py scope note
Именной,65,I,Ашвапати\владыка Кекаи,владыка Кекаи,UNVERIFIED,presence-only coverage check needs the IDML index-story text extract; see coverage.py scope note
Именной,66,I,Ашвапати,Ашвапати,UNVERIFIED,presence-only coverage check needs the IDML index-story text extract; see coverage.py scope note
Именной,67,I,Ашвапати\отец Савитри,отец Савитри,UNVERIFIED,presence-only coverage check needs the IDML index-story text extract; see coverage.py scope note
Именной,68,I,Ашвины,Ашвины,UNVERIFIED,presence-only coverage check needs the IDML index-story text extract; see coverage.py scope note
Именной,69,I,Ашоканандана,Ашоканандана,UNVERIFIED,presence-only coverage check needs the IDML index-story text extract; see coverage.py scope note
Именной,70,I,"Бала, или Вала",Бала,UNVERIFIED,presence-only coverage check needs the IDML index-story text extract; see coverage.py scope note
Именной,71,I,Бали,Бали,UNVERIFIED,presence-only coverage check needs the IDML index-story text extract; see coverage.py scope note
Именной,72,I,Бали\сын Вирочаны,сын Вирочаны,UNVERIFIED,presence-only coverage check needs the IDML index-story text extract; see coverage.py scope note
Именной,73,I,Бана,Бана,UNVERIFIED,presence-only coverage check needs the IDML index-story text extract; see coverage.py scope note
Именной,74,I,Бана\сын Викукши,сын Викукши,UNVERIFIED,presence-only coverage check needs the IDML index-story text extract; see coverage.py scope note
Именной,75,I,Брахма,Брахма,UNVERIFIED,presence-only coverage check needs the IDML index-story text extract; see coverage.py scope note
Именной,76,I,Брахма\Благой,Благой,UNVERIFIED,presence-only coverage check needs the IDML index-story text extract; see coverage.py scope note
Именной,77,I,Брахма\Великий Отец,Великий Отец,UNVERIFIED,presence-only coverage check needs the IDML index-story text extract; see coverage.py scope note
Именной,78,I,Брахма\Вечный,Вечный,UNVERIFIED,presence-only coverage check needs the IDML index-story text extract; see coverage.py scope note
Именной,79,I,Брахма\Видхатар,Видхатар,UNVERIFIED,presence-only coverage check needs the IDML index-story text extract; see coverage.py scope note
Именной,80,I,Брахма\владыка богов,владыка богов,UNVERIFIED,presence-only coverage check needs the IDML index-story text extract; see coverage.py scope note
Именной,81,I,Брахма\владыка миров,владыка миров,UNVERIFIED,presence-only coverage check needs the IDML index-story text extract; see coverage.py scope note
Именной,82,I,Брахма\Возникший из пустого пространства,Возникший из пустого пространства,UNVERIFIED,presence-only coverage check needs the IDML index-story text extract; see coverage.py scope note
Именной,83,I,Брахма\Дхатар,Дхатар,UNVERIFIED,presence-only coverage check needs the IDML index-story text extract; see coverage.py scope note
Именной,84,I,Брахма\Праджапати,Праджапати,UNVERIFIED,presence-only coverage check needs the IDML index-story text extract; see coverage.py scope note
Именной,85,I,Брахма\Пуруша,Пуруша,UNVERIFIED,presence-only coverage check needs the IDML index-story text extract; see coverage.py scope note
Именной,86,I,Брахма\Саморожденный,Саморожденный,UNVERIFIED,presence-only coverage check needs the IDML index-story text extract; see coverage.py scope note
Именной,87,I,"Брахма\Сваямбху, или Самосущий",Сваямбху,UNVERIFIED,presence-only coverage check needs the IDML index-story text extract; see coverage.py scope note
Именной,88,I,Брахмадатта,Брахмадатта,UNVERIFIED,presence-only coverage check needs the IDML index-story text extract; see coverage.py scope note
Именной,89,I,Брахмадатта\равный великому Индре,равный великому Индре,UNVERIFIED,presence-only coverage check needs the IDML index-story text extract; see coverage.py scope note
Именной,90,I,Брихадратха,Брихадратха,UNVERIFIED,presence-only coverage check needs the IDML index-story text extract; see coverage.py scope note
Именной,91,I,Брихаспати,Брихаспати,UNVERIFIED,presence-only coverage check needs the IDML index-story text extract; see coverage.py scope note
Именной,92,I,Брихаспати\Вачаспати,Вачаспати,UNVERIFIED,presence-only coverage check needs the IDML index-story text extract; see coverage.py scope note
Именной,93,I,Брихаспати\Гуру,Гуру,UNVERIFIED,presence-only coverage check needs the IDML index-story text extract; see coverage.py scope note
Именной,94,I,Брихаспати\отец Бхарадваджи,отец Бхарадваджи,UNVERIFIED,presence-only coverage check needs the IDML index-story text extract; see coverage.py scope note
Именной,95,I,Брихаспати\Юпитер,Юпитер,UNVERIFIED,presence-only coverage check needs the IDML index-story text extract; see coverage.py scope note
Именной,96,I,Будда,Будда,UNVERIFIED,presence-only coverage check needs the IDML index-story text extract; see coverage.py scope note
Именной,97,I,Будда\Сиддхартха,Сиддхартха,UNVERIFIED,presence-only coverage check needs the IDML index-story text extract; see coverage.py scope note
Именной,98,I,Будда\Шакьямуни,Шакьямуни,UNVERIFIED,presence-only coverage check needs the IDML index-story text extract; see coverage.py scope note
Именной,99,I,Будха,Будха,UNVERIFIED,presence-only coverage check needs the IDML index-story text extract; see coverage.py scope note
Именной,100,I,Будха\Меркурий,Меркурий,UNVERIFIED,presence-only coverage check needs the IDML index-story text extract; see coverage.py scope note
Именной,101,I,Будха\сын Сомы,сын Сомы,UNVERIFIED,presence-only coverage check needs the IDML index-story text extract; see coverage.py scope note
Именной,102,I,Бхага,Бхага,UNVERIFIED,presence-only coverage check needs the IDML index-story text extract; see coverage.py scope note
Именной,103,I,Бхагиратха,Бхагиратха,UNVERIFIED,presence-only coverage check needs the IDML index-story text extract; see coverage.py scope note
Именной,104,I,Бхагиратха\потомок Сагары,потомок Сагары,UNVERIFIED,presence-only coverage check needs the IDML index-story text extract; see coverage.py scope note
Именной,105,I,Бхагиратха\царственный риши (мудрец),царственный риши (мудрец),UNVERIFIED,presence-only coverage check needs the IDML index-story text extract; see coverage.py scope note
Именной,106,I,Бхадра,Бхадра,UNVERIFIED,presence-only coverage check needs the IDML index-story text extract; see coverage.py scope note
Именной,107,I,Бхарадваджа,Бхарадваджа,UNVERIFIED,presence-only coverage check needs the IDML index-story text extract; see coverage.py scope note
Именной,108,I,Бхарадваджа\великий риши,великий риши,UNVERIFIED,presence-only coverage check needs the IDML index-story text extract; see coverage.py scope note
Именной,109,I,Бхарадваджа\Сиятельный великий подвижник,Сиятельный великий подвижник,UNVERIFIED,presence-only coverage check needs the IDML index-story text extract; see coverage.py scope note
Именной,110,I,Бхарадваджа,Бхарадваджа,UNVERIFIED,presence-only coverage check needs the IDML index-story text extract; see coverage.py scope note
Именной,111,I,Бхарата,Бхарата,UNVERIFIED,presence-only coverage check needs the IDML index-story text extract; see coverage.py scope note
Именной,112,I,Бхарата,Бхарата,UNVERIFIED,presence-only coverage check needs the IDML index-story text extract; see coverage.py scope note
Именной,113,I,Бхарата\брат Рамы,брат Рамы,UNVERIFIED,presence-only coverage check needs the IDML index-story text extract; see coverage.py scope note
Именной,114,I,Бхарата_2\потомок Икшваку,потомок Икшваку,UNVERIFIED,presence-only coverage check needs the IDML index-story text extract; see coverage.py scope note
Именной,115,I,Бхарата_2\потомок Какутстхи,потомок Какутстхи,UNVERIFIED,presence-only coverage check needs the IDML index-story text extract; see coverage.py scope note
Именной,116,I,"Бхарата\Рагхава, или потомок Рагху",Рагхава,UNVERIFIED,presence-only coverage check needs the IDML index-story text extract; see coverage.py scope note
Именной,117,I,Бхарата\сын Дашаратхи,сын Дашаратхи,UNVERIFIED,presence-only coverage check needs the IDML index-story text extract; see coverage.py scope note
Именной,118,I,Бхарата\сын Кайкейи,сын Кайкейи,UNVERIFIED,presence-only coverage check needs the IDML index-story text extract; see coverage.py scope note
Именной,119,I,Бхарата\услада Кайкейи,услада Кайкейи,UNVERIFIED,presence-only coverage check needs the IDML index-story text extract; see coverage.py scope note
Именной,120,I,Бхарата\услада рода Икшваку,услада рода Икшваку,UNVERIFIED,presence-only coverage check needs the IDML index-story text extract; see coverage.py scope note
Именной,121,I,Бхарата\услада царя Дашаратхи,услада царя Дашаратхи,UNVERIFIED,presence-only coverage check needs the IDML index-story text extract; see coverage.py scope note
Именной,122,I,Бхригу,Бхригу,UNVERIFIED,presence-only coverage check needs the IDML index-story text extract; see coverage.py scope note
Именной,123,I,Бхригу\сын Праджапати,сын Праджапати,UNVERIFIED,presence-only coverage check needs the IDML index-story text extract; see coverage.py scope note
Именной,124,I,Валин,Валин,UNVERIFIED,presence-only coverage check needs the IDML index-story text extract; see coverage.py scope note
Именной,125,I,Валин\сын Шакры,сын Шакры,UNVERIFIED,presence-only coverage check needs the IDML index-story text extract; see coverage.py scope note
Именной,126,I,Вальмики,Вальмики,UNVERIFIED,presence-only coverage check needs the IDML index-story text extract; see coverage.py scope note
Именной,127,I,Вальмики\великий риши,великий риши,UNVERIFIED,presence-only coverage check needs the IDML index-story text extract; see coverage.py scope note
Именной,128,I,Вальмики\учитель Куши и Лавы,учитель Куши и Лавы,UNVERIFIED,presence-only coverage check needs the IDML index-story text extract; see coverage.py scope note
Именной,129,I,Вамадева,Вамадева,UNVERIFIED,presence-only coverage check needs the IDML index-story text extract; see coverage.py scope note
Именной,130,I,Вамадева\советник (наставник) царя Дашаратхи,советник (наставник) царя Дашаратхи,UNVERIFIED,presence-only coverage check needs the IDML index-story text extract; see coverage.py scope note
Именной,131,I,Вамана,Вамана,UNVERIFIED,presence-only coverage check needs the IDML index-story text extract; see coverage.py scope note
Именной,132,I,Вамана\младший брат Шакры,младший брат Шакры,UNVERIFIED,presence-only coverage check needs the IDML index-story text extract; see coverage.py scope note
Именной,133,I,Вамана,Вамана,UNVERIFIED,presence-only coverage check needs the IDML index-story text extract; see coverage.py scope note
Именной,134,I,Вамана\слон Куберы,слон Куберы,UNVERIFIED,presence-only coverage check needs the IDML index-story text extract; see coverage.py scope note
Именной,135,I,Вамана,Вамана,UNVERIFIED,presence-only coverage check needs the IDML index-story text extract; see coverage.py scope note
Именной,136,I,Варуна,Варуна,UNVERIFIED,presence-only coverage check needs the IDML index-story text extract; see coverage.py scope note
Именной,137,I,"Варуни, или Сура",Варуни,UNVERIFIED,presence-only coverage check needs the IDML index-story text extract; see coverage.py scope note
Именной,138,I,"Варуни, или Сура\дочь Варуны",дочь Варуны,UNVERIFIED,presence-only coverage check needs the IDML index-story text extract; see coverage.py scope note
Именной,139,I,Васиштха,Васиштха,UNVERIFIED,presence-only coverage check needs the IDML index-story text extract; see coverage.py scope note
Именной,140,I,Васиштха\великий риши,великий риши,UNVERIFIED,presence-only coverage check needs the IDML index-story text extract; see coverage.py scope note
Именной,141,I,Васиштха\гуру рода Икшваку,гуру рода Икшваку,UNVERIFIED,presence-only coverage check needs the IDML index-story text extract; see coverage.py scope note
Именной,142,I,Васиштха\Дхрити,Дхрити,UNVERIFIED,presence-only coverage check needs the IDML index-story text extract; see coverage.py scope note
Именной,143,I,Васиштха\жрец Рамы,жрец Рамы,UNVERIFIED,presence-only coverage check needs the IDML index-story text extract; see coverage.py scope note
Именной,144,I,Васиштха\сын Брахмы,сын Брахмы,UNVERIFIED,presence-only coverage check needs the IDML index-story text extract; see coverage.py scope note
Именной,145,I,Васиштха\хранитель рода Икшваку,хранитель рода Икшваку,UNVERIFIED,presence-only coverage check needs the IDML index-story text extract; see coverage.py scope note
Именной,146,I,Васу,Васу,UNVERIFIED,presence-only coverage check needs the IDML index-story text extract; see coverage.py scope note
Именной,147,I,Васуки,Васуки,UNVERIFIED,presence-only coverage check needs the IDML index-story text extract; see coverage.py scope note
Именной,148,I,Ваю,Ваю,UNVERIFIED,presence-only coverage check needs the IDML index-story text extract; see coverage.py scope note
Именной,149,I,Ваю\бог ветра,бог ветра,UNVERIFIED,presence-only coverage check needs the IDML index-story text extract; see coverage.py scope note
Именной,150,I,Ваю\Марута,Марута,UNVERIFIED,presence-only coverage check needs the IDML index-story text extract; see coverage.py scope note
Именной,151,I,Вибудха,Вибудха,UNVERIFIED,presence-only coverage check needs the IDML index-story text extract; see coverage.py scope note
Именной,152,I,Вибхандака,Вибхандака,UNVERIFIED,presence-only coverage check needs the IDML index-story text extract; see coverage.py scope note
Именной,153,I,Вибхандака\сын Кашьяпы,сын Кашьяпы,UNVERIFIED,presence-only coverage check needs the IDML index-story text extract; see coverage.py scope note
Именной,154,I,Вибхишана,Вибхишана,UNVERIFIED,presence-only coverage check needs the IDML index-story text extract; see coverage.py scope note
Именной,155,I,Вибхишана\брат Раваны,брат Раваны,UNVERIFIED,presence-only coverage check needs the IDML index-story text extract; see coverage.py scope note
Именной,156,I,Виджая,Виджая,UNVERIFIED,presence-only coverage check needs the IDML index-story text extract; see coverage.py scope note
Именной,157,I,Викукши,Викукши,UNVERIFIED,presence-only coverage check needs the IDML index-story text extract; see coverage.py scope note
Именной,158,I,Вината,Вината,UNVERIFIED,presence-only coverage check needs the IDML index-story text extract; see coverage.py scope note
Именной,159,I,Вирадха,Вирадха,UNVERIFIED,presence-only coverage check needs the IDML index-story text extract; see coverage.py scope note
Именной,160,I,Вирата,Вирата,UNVERIFIED,presence-only coverage check needs the IDML index-story text extract; see coverage.py scope note
Именной,161,I,Вирочана,Вирочана,UNVERIFIED,presence-only coverage check needs the IDML index-story text extract; see coverage.py scope note
Именной,162,I,Вирупакша,Вирупакша,UNVERIFIED,presence-only coverage check needs the IDML index-story text extract; see coverage.py scope note
Именной,163,I,Вишакха,Вишакха,UNVERIFIED,presence-only coverage check needs the IDML index-story text extract; see coverage.py scope note
Именной,164,I,Вишала,Вишала,UNVERIFIED,presence-only coverage check needs the IDML index-story text extract; see coverage.py scope note
Именной,165,I,Вишала\сын Икшваку,сын Икшваку,UNVERIFIED,presence-only coverage check needs the IDML index-story text extract; see coverage.py scope note
Именной,166,I,Вишвавасу,Вишвавасу,UNVERIFIED,presence-only coverage check needs the IDML index-story text extract; see coverage.py scope note
Именной,167,I,Вишвадевы,Вишвадевы,UNVERIFIED,presence-only coverage check needs the IDML index-story text extract; see coverage.py scope note
Именной,168,I,Вишвакарман,Вишвакарман,UNVERIFIED,presence-only coverage check needs the IDML index-story text extract; see coverage.py scope note
Именной,169,I,Вишвамитра,Вишвамитра,UNVERIFIED,presence-only coverage check needs the IDML index-story text extract; see coverage.py scope note
Именной,170,I,Вишвамитра\великий подвижник,великий подвижник,UNVERIFIED,presence-only coverage check needs the IDML index-story text extract; see coverage.py scope note
Именной,171,I,Вишвамитра\великий риши,великий риши,UNVERIFIED,presence-only coverage check needs the IDML index-story text extract; see coverage.py scope note
Именной,172,I,"Вишвамитра\Каушика, или сын Кушики",Каушика,UNVERIFIED,presence-only coverage check needs the IDML index-story text extract; see coverage.py scope note
Именной,173,I,Вишвамитра\потомок Куши,потомок Куши,UNVERIFIED,presence-only coverage check needs the IDML index-story text extract; see coverage.py scope note
Именной,174,I,Вишвамитра\сын Гадхи,сын Гадхи,UNVERIFIED,presence-only coverage check needs the IDML index-story text extract; see coverage.py scope note
Именной,175,I,Вишвамитра\сын Гаутамы,сын Гаутамы,UNVERIFIED,presence-only coverage check needs the IDML index-story text extract; see coverage.py scope note
Именной,176,I,Вишвамитра\царственный риши,царственный риши,UNVERIFIED,presence-only coverage check needs the IDML index-story text extract; see coverage.py scope note
Именной,177,I,Вишвачи,Вишвачи,UNVERIFIED,presence-only coverage check needs the IDML index-story text extract; see coverage.py scope note
Именной,178,I,Вишну,Вишну,UNVERIFIED,presence-only coverage check needs the IDML index-story text extract; see coverage.py scope note
Именной,179,I,Вишну\Вечный,Вечный,UNVERIFIED,presence-only coverage check needs the IDML index-story text extract; see coverage.py scope note
Именной,180,I,Вишну\владыка богов,владыка богов,UNVERIFIED,presence-only coverage check needs the IDML index-story text extract; see coverage.py scope note
Именной,181,I,Вишну\владыка миров,владыка миров,UNVERIFIED,presence-only coverage check needs the IDML index-story text extract; see coverage.py scope note
Именной,182,I,Вишну\губитель Мадху,губитель Мадху,UNVERIFIED,presence-only coverage check needs the IDML index-story text extract; see coverage.py scope note
Именной,183,I,"Вишну\Джанардана, или Пуруша Джанардана",Джанардана,UNVERIFIED,presence-only coverage check needs the IDML index-story text extract; see coverage.py scope note
Именной,184,I,Вишну\Кешава,Кешава,UNVERIFIED,presence-only coverage check needs the IDML index-story text extract; see coverage.py scope note
Именной,185,I,Вишну\Мадхусудана,Мадхусудана,UNVERIFIED,presence-only coverage check needs the IDML index-story text extract; see coverage.py scope note
Именной,186,I,Вишну\младший брат Шакры,младший брат Шакры,UNVERIFIED,presence-only coverage check needs the IDML index-story text extract; see coverage.py scope note
Именной,187,I,Вишну\Нараяна,Нараяна,UNVERIFIED,presence-only coverage check needs the IDML index-story text extract; see coverage.py scope note
Именной,188,I,Вишну\Непреходящий,Непреходящий,UNVERIFIED,presence-only coverage check needs the IDML index-story text extract; see coverage.py scope note
Именной,189,I,Вишну\повелитель трех миров,повелитель трех миров,UNVERIFIED,presence-only coverage check needs the IDML index-story text extract; see coverage.py scope note
Именной,190,I,Вишну\Праджапати,Праджапати,UNVERIFIED,presence-only coverage check needs the IDML index-story text extract; see coverage.py scope note
Именной,191,I,Вишну\Пурушоттама,Пурушоттама,UNVERIFIED,presence-only coverage check needs the IDML index-story text extract; see coverage.py scope note
Именной,192,I,Вишну\Самовластный,Самовластный,UNVERIFIED,presence-only coverage check needs the IDML index-story text extract; see coverage.py scope note
Именной,193,I,Вишну\Сокрушитель недругов,Сокрушитель недругов,UNVERIFIED,presence-only coverage check needs the IDML index-story text extract; see coverage.py scope note
Именной,194,I,Вишну\сын Адити,сын Адити,UNVERIFIED,presence-only coverage check needs the IDML index-story text extract; see coverage.py scope note
Именной,195,I,"Вишну\Упендра, или младший брат Индры",Упендра,UNVERIFIED,presence-only coverage check needs the IDML index-story text extract; see coverage.py scope note
Именной,196,I,Вишну\Хари,Хари,UNVERIFIED,presence-only coverage check needs the IDML index-story text extract; see coverage.py scope note
Именной,197,I,Вишну\Хришикеша,Хришикеша,UNVERIFIED,presence-only coverage check needs the IDML index-story text extract; see coverage.py scope note
Именной,198,I,Вишравас,Вишравас,UNVERIFIED,presence-only coverage check needs the IDML index-story text extract; see coverage.py scope note
Именной,199,I,Вритра,Вритра,UNVERIFIED,presence-only coverage check needs the IDML index-story text extract; see coverage.py scope note
Именной,200,I,"Гадхи, или Гадхин",Гадхи,UNVERIFIED,presence-only coverage check needs the IDML index-story text extract; see coverage.py scope note
Именной,201,I,Ганга,Ганга,UNVERIFIED,presence-only coverage check needs the IDML index-story text extract; see coverage.py scope note
Именной,202,I,Ганга\Бхагиратхи,Бхагиратхи,UNVERIFIED,presence-only coverage check needs the IDML index-story text extract; see coverage.py scope note
Именной,203,I,"Ганга\Джахнави, или дочь Джахну",Джахнави,UNVERIFIED,presence-only coverage check needs the IDML index-story text extract; see coverage.py scope note
Именной,204,I,Ганга\дочь Царя гор,дочь Царя гор,UNVERIFIED,presence-only coverage check needs the IDML index-story text extract; see coverage.py scope note
Именной,205,I,Ганга\Малини,Малини,UNVERIFIED,presence-only coverage check needs the IDML index-story text extract; see coverage.py scope note
Именной,206,I,Ганга\старшая дочь Химавата,старшая дочь Химавата,UNVERIFIED,presence-only coverage check needs the IDML index-story text extract; see coverage.py scope note
Именной,207,I,Ганга\супруга Океана,супруга Океана,UNVERIFIED,presence-only coverage check needs the IDML index-story text extract; see coverage.py scope note
Именной,208,I,"Ганга\Трипатхага, или Текущая (идущая) тремя путями",Трипатхага,UNVERIFIED,presence-only coverage check needs the IDML index-story text extract; see coverage.py scope note
Именной,209,I,Гандхамадана,Гандхамадана,UNVERIFIED,presence-only coverage check needs the IDML index-story text extract; see coverage.py scope note
Именной,210,I,Гандхамадана\сын Куберы,сын Куберы,UNVERIFIED,presence-only coverage check needs the IDML index-story text extract; see coverage.py scope note
Именной,211,I,"Гандхари, жена Дхритараштры","Гандхари, жена Дхритараштры",UNVERIFIED,presence-only coverage check needs the IDML index-story text extract; see coverage.py scope note
Именной,212,I,Гарги,Гарги,UNVERIFIED,presence-only coverage check needs the IDML index-story text extract; see coverage.py scope note
Именной,213,I,Гаргья Триджата,Гаргья Триджата,UNVERIFIED,presence-only coverage check needs the IDML index-story text extract; see coverage.py scope note
Именной,214,I,Гаруда,Гаруда,UNVERIFIED,presence-only coverage check needs the IDML index-story text extract; see coverage.py scope note
Именной,215,I,Гаруда\Супарна,Супарна,UNVERIFIED,presence-only coverage check needs the IDML index-story text extract; see coverage.py scope note
Именной,216,I,Гаруда\сын Винаты,сын Винаты,UNVERIFIED,presence-only coverage check needs the IDML index-story text extract; see coverage.py scope note
Именной,217,I,Гаруда\Таркшья,Таркшья,UNVERIFIED,presence-only coverage check needs the IDML index-story text extract; see coverage.py scope note
Именной,218,I,Гаруда\царь птиц,царь птиц,UNVERIFIED,presence-only coverage check needs the IDML index-story text extract; see coverage.py scope note
Именной,219,I,Гаутама,Гаутама,UNVERIFIED,presence-only coverage check needs the IDML index-story text extract; see coverage.py scope note
Именной,220,I,Гаутама\супруг Ахальи,супруг Ахальи,UNVERIFIED,presence-only coverage check needs the IDML index-story text extract; see coverage.py scope note
Именной,221,I,Гая,Гая,UNVERIFIED,presence-only coverage check needs the IDML index-story text extract; see coverage.py scope note
Именной,222,I,Гомер,Гомер,UNVERIFIED,presence-only coverage check needs the IDML index-story text extract; see coverage.py scope note
Именной,223,I,Гопа,Гопа,UNVERIFIED,presence-only coverage check needs the IDML index-story text extract; see coverage.py scope note
Именной,224,I,Готама,Готама,UNVERIFIED,presence-only coverage check needs the IDML index-story text extract; see coverage.py scope note
Именной,225,I,Гуха,Гуха,UNVERIFIED,presence-only coverage check needs the IDML index-story text extract; see coverage.py scope note
Именной,226,I,Гхритачи,Гхритачи,UNVERIFIED,presence-only coverage check needs the IDML index-story text extract; see coverage.py scope note
Именной,227,I,Гхритачьи,Гхритачьи,UNVERIFIED,presence-only coverage check needs the IDML index-story text extract; see coverage.py scope note
Именной,228,I,Дадхимукха,Дадхимукха,UNVERIFIED,presence-only coverage check needs the IDML index-story text extract; see coverage.py scope note
Именной,229,I,Дадхимукха\дядя Сугривы,дядя Сугривы,UNVERIFIED,presence-only coverage check needs the IDML index-story text extract; see coverage.py scope note
Именной,230,I,Дадхичи,Дадхичи,UNVERIFIED,presence-only coverage check needs the IDML index-story text extract; see coverage.py scope note
Именной,231,I,Дакша,Дакша,UNVERIFIED,presence-only coverage check needs the IDML index-story text extract; see coverage.py scope note
Именной,232,I,Дакша\сын Брахмы,сын Брахмы,UNVERIFIED,presence-only coverage check needs the IDML index-story text extract; see coverage.py scope note
Именной,233,I,Данда,Данда,UNVERIFIED,presence-only coverage check needs the IDML index-story text extract; see coverage.py scope note
Именной,234,I,Дандхумара,Дандхумара,UNVERIFIED,presence-only coverage check needs the IDML index-story text extract; see coverage.py scope note
Именной,235,I,Дандхумара\сын Тришанку,сын Тришанку,UNVERIFIED,presence-only coverage check needs the IDML index-story text extract; see coverage.py scope note
Именной,236,I,Дашаратха,Дашаратха,UNVERIFIED,presence-only coverage check needs the IDML index-story text extract; see coverage.py scope note
Именной,237,I,Дашаратха\бык рода Рагху,бык рода Рагху,UNVERIFIED,presence-only coverage check needs the IDML index-story text extract; see coverage.py scope note
Именной,238,I,Дашаратха\воин рода Икшваку,воин рода Икшваку,UNVERIFIED,presence-only coverage check needs the IDML index-story text extract; see coverage.py scope note
Именной,239,I,Дашаратха\потомок великого рода,потомок великого рода,UNVERIFIED,presence-only coverage check needs the IDML index-story text extract; see coverage.py scope note
Именной,240,I,Дашаратха\потомок Икшваку,потомок Икшваку,UNVERIFIED,presence-only coverage check needs the IDML index-story text extract; see coverage.py scope note
Именной,241,I,Дашаратха\потомок Какутстхи,потомок Какутстхи,UNVERIFIED,presence-only coverage check needs the IDML index-story text extract; see coverage.py scope note
Именной,242,I,Дашаратха\равный великому Индре,равный великому Индре,UNVERIFIED,presence-only coverage check needs the IDML index-story text extract; see coverage.py scope note
Именной,243,I,"Дашаратха\Рагхава, или потомок Рагху",Рагхава,UNVERIFIED,presence-only coverage check needs the IDML index-story text extract; see coverage.py scope note
Именной,244,I,Дашаратха\сын Аджи,сын Аджи,UNVERIFIED,presence-only coverage check needs the IDML index-story text extract; see coverage.py scope note
Именной,245,I,Дашаратха\ученик Васиштхи,ученик Васиштхи,UNVERIFIED,presence-only coverage check needs the IDML index-story text extract; see coverage.py scope note
Именной,246,I,Дашаратха\царственный риши,царственный риши,UNVERIFIED,presence-only coverage check needs the IDML index-story text extract; see coverage.py scope note
Именной,247,I,Дашаратха\владыка Косалы,владыка Косалы,UNVERIFIED,presence-only coverage check needs the IDML index-story text extract; see coverage.py scope note
Именной,248,I,Двивида,Двивида,UNVERIFIED,presence-only coverage check needs the IDML index-story text extract; see coverage.py scope note
Именной,249,I,Девамидха,Девамидха,UNVERIFIED,presence-only coverage check needs the IDML index-story text extract; see coverage.py scope note
Именной,250,I,Деварата,Деварата,UNVERIFIED,presence-only coverage check needs the IDML index-story text extract; see coverage.py scope note
Именной,251,I,Деварата\предок Джанаки,предок Джанаки,UNVERIFIED,presence-only coverage check needs the IDML index-story text extract; see coverage.py scope note
Именной,252,I,Деварата\старший брат Ними,старший брат Ними,UNVERIFIED,presence-only coverage check needs the IDML index-story text extract; see coverage.py scope note
Именной,253,I,Деварата\сын Сукету,сын Сукету,UNVERIFIED,presence-only coverage check needs the IDML index-story text extract; see coverage.py scope note
Именной,254,I,Деварата\царственный риши,царственный риши,UNVERIFIED,presence-only coverage check needs the IDML index-story text extract; see coverage.py scope note
Именной,255,I,Джабали,Джабали,UNVERIFIED,presence-only coverage check needs the IDML index-story text extract; see coverage.py scope note
Именной,256,I,Джамадагни,Джамадагни,UNVERIFIED,presence-only coverage check needs the IDML index-story text extract; see coverage.py scope note
Именной,257,I,Джамадагни\отец Рамы,отец Рамы,UNVERIFIED,presence-only coverage check needs the IDML index-story text extract; see coverage.py scope note
Именной,258,I,Джамадагни\потомок Бхригу,потомок Бхригу,UNVERIFIED,presence-only coverage check needs the IDML index-story text extract; see coverage.py scope note
Именной,259,I,Джамбават,Джамбават,UNVERIFIED,presence-only coverage check needs the IDML index-story text extract; see coverage.py scope note
Именной,260,I,Джамбават\сын Брахмы,сын Брахмы,UNVERIFIED,presence-only coverage check needs the IDML index-story text extract; see coverage.py scope note
Именной,261,I,Джамбха,Джамбха,UNVERIFIED,presence-only coverage check needs the IDML index-story text extract; see coverage.py scope note
Именной,262,I,Джанака,Джанака,UNVERIFIED,presence-only coverage check needs the IDML index-story text extract; see coverage.py scope note
Именной,263,I,Джанака\великий духом,великий духом,UNVERIFIED,presence-only coverage check needs the IDML index-story text extract; see coverage.py scope note
Именной,264,I,Джанака\отец Ситы,отец Ситы,UNVERIFIED,presence-only coverage check needs the IDML index-story text extract; see coverage.py scope note
Именной,265,I,"Джанака\царь (владыка, государь) Видехи (Митхилы)","царь (владыка, государь) Видехи (Митхилы)",UNVERIFIED,presence-only coverage check needs the IDML index-story text extract; see coverage.py scope note
Именной,266,I,Джанака,Джанака,UNVERIFIED,presence-only coverage check needs the IDML index-story text extract; see coverage.py scope note
Именной,267,I,Джанамеджая,Джанамеджая,UNVERIFIED,presence-only coverage check needs the IDML index-story text extract; see coverage.py scope note
Именной,268,I,Джанамеджая\сын Парикшита,сын Парикшита,UNVERIFIED,presence-only coverage check needs the IDML index-story text extract; see coverage.py scope note
Именной,269,I,Джатаюс,Джатаюс,UNVERIFIED,presence-only coverage check needs the IDML index-story text extract; see coverage.py scope note
Именной,270,I,Джахну,Джахну,UNVERIFIED,presence-only coverage check needs the IDML index-story text extract; see coverage.py scope note
Именной,271,I,Джая,Джая,UNVERIFIED,presence-only coverage check needs the IDML index-story text extract; see coverage.py scope note
Именной,272,I,Джаянта,Джаянта,UNVERIFIED,presence-only coverage check needs the IDML index-story text extract; see coverage.py scope note
Именной,273,I,Дивьяваю,Дивьяваю,UNVERIFIED,presence-only coverage check needs the IDML index-story text extract; see coverage.py scope note
Именной,274,I,Дилипа,Дилипа,UNVERIFIED,presence-only coverage check needs the IDML index-story text extract; see coverage.py scope note
Именной,275,I,Дилипа\сын Аншумана,сын Аншумана,UNVERIFIED,presence-only coverage check needs the IDML index-story text extract; see coverage.py scope note
Именной,276,I,Дити,Дити,UNVERIFIED,presence-only coverage check needs the IDML index-story text extract; see coverage.py scope note
Именной,277,I,дочери Кушадхваджи,дочери Кушадхваджи,UNVERIFIED,presence-only coverage check needs the IDML index-story text extract; see coverage.py scope note
Именной,278,I,"дочери Кушанабхи, или сто дочерей Кушанабхи",дочери Кушанабхи,UNVERIFIED,presence-only coverage check needs the IDML index-story text extract; see coverage.py scope note
Именной,279,I,Драупади,Драупади,UNVERIFIED,presence-only coverage check needs the IDML index-story text extract; see coverage.py scope note
Именной,280,I,Дридханетра,Дридханетра,UNVERIFIED,presence-only coverage check needs the IDML index-story text extract; see coverage.py scope note
Именной,281,I,Дрона,Дрона,UNVERIFIED,presence-only coverage check needs the IDML index-story text extract; see coverage.py scope note
Именной,282,I,Друпада,Друпада,UNVERIFIED,presence-only coverage check needs the IDML index-story text extract; see coverage.py scope note
Именной,283,I,Дундубхи,Дундубхи,UNVERIFIED,presence-only coverage check needs the IDML index-story text extract; see coverage.py scope note
Именной,284,I,Душана,Душана,UNVERIFIED,presence-only coverage check needs the IDML index-story text extract; see coverage.py scope note
Именной,285,I,Дханвантари,Дханвантари,UNVERIFIED,presence-only coverage check needs the IDML index-story text extract; see coverage.py scope note
Именной,286,I,Дхарма,Дхарма,UNVERIFIED,presence-only coverage check needs the IDML index-story text extract; see coverage.py scope note
Именной,287,I,Дхармапала,Дхармапала,UNVERIFIED,presence-only coverage check needs the IDML index-story text extract; see coverage.py scope note
Именной,288,I,Дхатри,Дхатри,UNVERIFIED,presence-only coverage check needs the IDML index-story text extract; see coverage.py scope note
Именной,289,I,Дхриштакету,Дхриштакету,UNVERIFIED,presence-only coverage check needs the IDML index-story text extract; see coverage.py scope note
Именной,290,I,Дхриштакету\царственный риши,царственный риши,UNVERIFIED,presence-only coverage check needs the IDML index-story text extract; see coverage.py scope note
Именной,291,I,Дхришти,Дхришти,UNVERIFIED,presence-only coverage check needs the IDML index-story text extract; see coverage.py scope note
Именной,292,I,Дхрува,Дхрува,UNVERIFIED,presence-only coverage check needs the IDML index-story text extract; see coverage.py scope note
Именной,293,I,Дхрувасандхи,Дхрувасандхи,UNVERIFIED,presence-only coverage check needs the IDML index-story text extract; see coverage.py scope note
Именной,294,I,Дхумрашва,Дхумрашва,UNVERIFIED,presence-only coverage check needs the IDML index-story text extract; see coverage.py scope note
Именной,295,I,Дхумрашва\сын Сучандры,сын Сучандры,UNVERIFIED,presence-only coverage check needs the IDML index-story text extract; see coverage.py scope note
Именной,296,I,Дхундхумара,Дхундхумара,UNVERIFIED,presence-only coverage check needs the IDML index-story text extract; see coverage.py scope note
Именной,297,I,Дхундхумара\сын Тришанку,сын Тришанку,UNVERIFIED,presence-only coverage check needs the IDML index-story text extract; see coverage.py scope note
Именной,298,I,Дьюматсена,Дьюматсена,UNVERIFIED,presence-only coverage check needs the IDML index-story text extract; see coverage.py scope note
Именной,299,I,Дьюматсена\отец Сатьявана,отец Сатьявана,UNVERIFIED,presence-only coverage check needs the IDML index-story text extract; see coverage.py scope note
Именной,300,I,Идхмавахана,Идхмавахана,UNVERIFIED,presence-only coverage check needs the IDML index-story text extract; see coverage.py scope note
Именной,301,I,Икшваку,Икшваку,UNVERIFIED,presence-only coverage check needs the IDML index-story text extract; see coverage.py scope note
Именной,302,I,Икшваку\внук Вивасвата,внук Вивасвата,UNVERIFIED,presence-only coverage check needs the IDML index-story text extract; see coverage.py scope note
Именной,303,I,Икшваку\сын Ману,сын Ману,UNVERIFIED,presence-only coverage check needs the IDML index-story text extract; see coverage.py scope note
Именной,304,I,Индра,Индра,UNVERIFIED,presence-only coverage check needs the IDML index-story text extract; see coverage.py scope note
Именной,305,I,Индра\Васава,Васава,UNVERIFIED,presence-only coverage check needs the IDML index-story text extract; see coverage.py scope note
Именной,306,I,Индра\враг данавов,враг данавов,UNVERIFIED,presence-only coverage check needs the IDML index-story text extract; see coverage.py scope note
Именной,307,I,"Индра\Губитель Балы, или Баласудана",Губитель Балы,UNVERIFIED,presence-only coverage check needs the IDML index-story text extract; see coverage.py scope note
Именной,308,I,Индра\Губитель Паки,Губитель Паки,UNVERIFIED,presence-only coverage check needs the IDML index-story text extract; see coverage.py scope note
Именной,309,I,Индра\Держатель ваджры,Держатель ваджры,UNVERIFIED,presence-only coverage check needs the IDML index-story text extract; see coverage.py scope note
Именной,310,I,Индра\любовник Ахальи,любовник Ахальи,UNVERIFIED,presence-only coverage check needs the IDML index-story text extract; see coverage.py scope note
Именной,311,I,Индра\Магхаван,Магхаван,UNVERIFIED,presence-only coverage check needs the IDML index-story text extract; see coverage.py scope note
Именной,312,I,"Индра\Махендра, или Великий Индра",Махендра,UNVERIFIED,presence-only coverage check needs the IDML index-story text extract; see coverage.py scope note
Именной,313,I,"Индра\Пакашасана, или Губитель Паки",Пакашасана,UNVERIFIED,presence-only coverage check needs the IDML index-story text extract; see coverage.py scope note
Именной,314,I,Индра\Парджанья,Парджанья,UNVERIFIED,presence-only coverage check needs the IDML index-story text extract; see coverage.py scope note
Именной,315,I,"Индра\Пурандара, или Сокрушитель крепостей, или Покоритель городов, или Разрушитель городов",Пурандара,UNVERIFIED,presence-only coverage check needs the IDML index-story text extract; see coverage.py scope note
Именной,316,I,Индра\супруг Шачи,супруг Шачи,UNVERIFIED,presence-only coverage check needs the IDML index-story text extract; see coverage.py scope note
Именной,317,I,Индра\сын Адити,сын Адити,UNVERIFIED,presence-only coverage check needs the IDML index-story text extract; see coverage.py scope note
Именной,318,I,Индра\сын Кашьяпы,сын Кашьяпы,UNVERIFIED,presence-only coverage check needs the IDML index-story text extract; see coverage.py scope note
Именной,319,I,Индра\сын Кашьяпы,сын Кашьяпы,UNVERIFIED,presence-only coverage check needs the IDML index-story text extract; see coverage.py scope note
Именной,320,I,Индра\Тысячеглазый,Тысячеглазый,UNVERIFIED,presence-only coverage check needs the IDML index-story text extract; see coverage.py scope note
Именной,321,I,"Индра\царь (владыка, бык) тридцатки богов","царь (владыка, бык) тридцатки богов",UNVERIFIED,presence-only coverage check needs the IDML index-story text extract; see coverage.py scope note
Именной,322,I,Индра\Шакра,Шакра,UNVERIFIED,presence-only coverage check needs the IDML index-story text extract; see coverage.py scope note
Именной,323,I,"Индра\Шатакрату, или Вершитель ста жертвоприношений",Шатакрату,UNVERIFIED,presence-only coverage check needs the IDML index-story text extract; see coverage.py scope note
Именной,324,I,Кабандха,Кабандха,UNVERIFIED,presence-only coverage check needs the IDML index-story text extract; see coverage.py scope note
Именной,325,I,Кавья,Кавья,UNVERIFIED,presence-only coverage check needs the IDML index-story text extract; see coverage.py scope note
Именной,326,I,Кавья\Венера,Венера,UNVERIFIED,presence-only coverage check needs the IDML index-story text extract; see coverage.py scope note
Именной,327,I,Кавья\сын Бхригу,сын Бхригу,UNVERIFIED,presence-only coverage check needs the IDML index-story text extract; see coverage.py scope note
Именной,328,I,Кавья\Ушанас,Ушанас,UNVERIFIED,presence-only coverage check needs the IDML index-story text extract; see coverage.py scope note
Именной,329,I,Кавья\Шукра,Шукра,UNVERIFIED,presence-only coverage check needs the IDML index-story text extract; see coverage.py scope note
Именной,330,I,Кадру,Кадру,UNVERIFIED,presence-only coverage check needs the IDML index-story text extract; see coverage.py scope note
Именной,331,I,Кайкейи,Кайкейи,UNVERIFIED,presence-only coverage check needs the IDML index-story text extract; see coverage.py scope note
Именной,332,I,Кайкейи\дочь царя Ашвапати,дочь царя Ашвапати,UNVERIFIED,presence-only coverage check needs the IDML index-story text extract; see coverage.py scope note
Именной,333,I,Кайкейи\жена Дашаратхи,жена Дашаратхи,UNVERIFIED,presence-only coverage check needs the IDML index-story text extract; see coverage.py scope note
Именной,334,I,Кайкейи\криводушная,криводушная,UNVERIFIED,presence-only coverage check needs the IDML index-story text extract; see coverage.py scope note
Именной,335,I,Кайкейи\мать Бхараты,мать Бхараты,UNVERIFIED,presence-only coverage check needs the IDML index-story text extract; see coverage.py scope note
Именной,336,I,Кайтабха,Кайтабха,UNVERIFIED,presence-only coverage check needs the IDML index-story text extract; see coverage.py scope note
Именной,337,I,Какутстха,Какутстха,UNVERIFIED,presence-only coverage check needs the IDML index-story text extract; see coverage.py scope note
Именной,338,I,Какутстха\сын Викукши,сын Викукши,UNVERIFIED,presence-only coverage check needs the IDML index-story text extract; see coverage.py scope note
Именной,339,I,Какутстха,Какутстха,UNVERIFIED,presence-only coverage check needs the IDML index-story text extract; see coverage.py scope note
Именной,340,I,Калагни,Калагни,UNVERIFIED,presence-only coverage check needs the IDML index-story text extract; see coverage.py scope note
Именной,341,I,Калапа,Калапа,UNVERIFIED,presence-only coverage check needs the IDML index-story text extract; see coverage.py scope note
Именной,342,I,Калинди,Калинди,UNVERIFIED,presence-only coverage check needs the IDML index-story text extract; see coverage.py scope note
Именной,343,I,Калинди\жена Аситы,жена Аситы,UNVERIFIED,presence-only coverage check needs the IDML index-story text extract; see coverage.py scope note
Именной,344,I,Калмашапада,Калмашапада,UNVERIFIED,presence-only coverage check needs the IDML index-story text extract; see coverage.py scope note
Именной,345,I,Калмашапада\Саудаса,Саудаса,UNVERIFIED,presence-only coverage check needs the IDML index-story text extract; see coverage.py scope note
Именной,346,I,Кама,Кама,UNVERIFIED,presence-only coverage check needs the IDML index-story text extract; see coverage.py scope note
Именной,347,I,"Кама\Ананга, или Бестелесный",Ананга,UNVERIFIED,presence-only coverage check needs the IDML index-story text extract; see coverage.py scope note
Именной,348,I,Кама\Кандарпа,Кандарпа,UNVERIFIED,presence-only coverage check needs the IDML index-story text extract; see coverage.py scope note
Именной,349,I,Кама\Мадана,Мадана,UNVERIFIED,presence-only coverage check needs the IDML index-story text extract; see coverage.py scope note
Именной,350,I,Кама\Манматха,Манматха,UNVERIFIED,presence-only coverage check needs the IDML index-story text extract; see coverage.py scope note
Именной,351,I,Канду,Канду,UNVERIFIED,presence-only coverage check needs the IDML index-story text extract; see coverage.py scope note
Именной,352,I,Канду\сын риши Канвы,сын риши Канвы,UNVERIFIED,presence-only coverage check needs the IDML index-story text extract; see coverage.py scope note
Именной,353,I,Капила,Капила,UNVERIFIED,presence-only coverage check needs the IDML index-story text extract; see coverage.py scope note
Именной,354,I,Катха,Катха,UNVERIFIED,presence-only coverage check needs the IDML index-story text extract; see coverage.py scope note
Именной,355,I,Катьяяна,Катьяяна,UNVERIFIED,presence-only coverage check needs the IDML index-story text extract; see coverage.py scope note
Именной,356,I,"Каусалья, или Каушалья",Каусалья,UNVERIFIED,presence-only coverage check needs the IDML index-story text extract; see coverage.py scope note
Именной,357,I,"Каусалья, или Каушалья\дочь царя Косалы",дочь царя Косалы,UNVERIFIED,presence-only coverage check needs the IDML index-story text extract; see coverage.py scope note
Именной,358,I,"Каусалья, или Каушалья\жена (супруга) Дашаратхи",жена (супруга) Дашаратхи,UNVERIFIED,presence-only coverage check needs the IDML index-story text extract; see coverage.py scope note
Именной,359,I,"Каусалья, или Каушалья\мать Рагхавы",мать Рагхавы,UNVERIFIED,presence-only coverage check needs the IDML index-story text extract; see coverage.py scope note
Именной,360,I,"Каусалья, или Каушалья\мать Рамы",мать Рамы,UNVERIFIED,presence-only coverage check needs the IDML index-story text extract; see coverage.py scope note
Именной,361,I,"Каусалья, или Каушалья\свекровь царевны Митхилы",свекровь царевны Митхилы,UNVERIFIED,presence-only coverage check needs the IDML index-story text extract; see coverage.py scope note
Именной,362,I,"Каусалья, или Каушалья\царица-мать",царица-мать,UNVERIFIED,presence-only coverage check needs the IDML index-story text extract; see coverage.py scope note
Именной,363,I,Кашьяпа,Кашьяпа,UNVERIFIED,presence-only coverage check needs the IDML index-story text extract; see coverage.py scope note
Именной,364,I,Кашьяпа\Ариштанеми,Ариштанеми,UNVERIFIED,presence-only coverage check needs the IDML index-story text extract; see coverage.py scope note
Именной,365,I,Кашьяпа\сын Маричи,сын Маричи,UNVERIFIED,presence-only coverage check needs the IDML index-story text extract; see coverage.py scope note
Именной,366,I,Кашьяпа,Кашьяпа,UNVERIFIED,presence-only coverage check needs the IDML index-story text extract; see coverage.py scope note
Именной,367,I,Кету,Кету,UNVERIFIED,presence-only coverage check needs the IDML index-story text extract; see coverage.py scope note
Именной,368,I,Кешини,Кешини,UNVERIFIED,presence-only coverage check needs the IDML index-story text extract; see coverage.py scope note
Именной,369,I,Кешини\дочь владыки Видарбхи,дочь владыки Видарбхи,UNVERIFIED,presence-only coverage check needs the IDML index-story text extract; see coverage.py scope note
Именной,370,I,Кешини\старшая супруга Сагары,старшая супруга Сагары,UNVERIFIED,presence-only coverage check needs the IDML index-story text extract; see coverage.py scope note
Именной,371,I,Киртирата,Киртирата,UNVERIFIED,presence-only coverage check needs the IDML index-story text extract; see coverage.py scope note
Именной,372,I,Киртирата\сын Махидхрака,сын Махидхрака,UNVERIFIED,presence-only coverage check needs the IDML index-story text extract; see coverage.py scope note
Именной,373,I,Киртирата\царственный риши,царственный риши,UNVERIFIED,presence-only coverage check needs the IDML index-story text extract; see coverage.py scope note
Именной,374,I,Киртиратха,Киртиратха,UNVERIFIED,presence-only coverage check needs the IDML index-story text extract; see coverage.py scope note
Именной,375,I,Киртиратха\сын Пратиндхаки,сын Пратиндхаки,UNVERIFIED,presence-only coverage check needs the IDML index-story text extract; see coverage.py scope note
Именной,376,I,"Корова, исполняющая желания","Корова, исполняющая желания",UNVERIFIED,presence-only coverage check needs the IDML index-story text extract; see coverage.py scope note
Именной,377,I,"Корова, исполняющая желания\божественная корова",божественная корова,UNVERIFIED,presence-only coverage check needs the IDML index-story text extract; see coverage.py scope note
Именной,378,I,"Корова, исполняющая желания\Нандини",Нандини,UNVERIFIED,presence-only coverage check needs the IDML index-story text extract; see coverage.py scope note
Именной,379,I,"Корова, исполняющая желания\Сурабхи",Сурабхи,UNVERIFIED,presence-only coverage check needs the IDML index-story text extract; see coverage.py scope note
Именной,380,I,"Корова, исполняющая желания\Шабала",Шабала,UNVERIFIED,presence-only coverage check needs the IDML index-story text extract; see coverage.py scope note
Именной,381,I,Крату,Крату,UNVERIFIED,presence-only coverage check needs the IDML index-story text extract; see coverage.py scope note
Именной,382,I,Кришашва,Кришашва,UNVERIFIED,presence-only coverage check needs the IDML index-story text extract; see coverage.py scope note
Именной,383,I,Кришна,Кришна,UNVERIFIED,presence-only coverage check needs the IDML index-story text extract; see coverage.py scope note
Именной,384,I,Кришна\Васудева,Васудева,UNVERIFIED,presence-only coverage check needs the IDML index-story text extract; see coverage.py scope note
Именной,385,I,Кришна\потомок Мадху,потомок Мадху,UNVERIFIED,presence-only coverage check needs the IDML index-story text extract; see coverage.py scope note
Именной,386,I,Кришна\сын Васудевы,сын Васудевы,UNVERIFIED,presence-only coverage check needs the IDML index-story text extract; see coverage.py scope note
Именной,387,I,Кубера,Кубера,UNVERIFIED,presence-only coverage check needs the IDML index-story text extract; see coverage.py scope note
Именной,388,I,Кубера\Вайшравана,Вайшравана,UNVERIFIED,presence-only coverage check needs the IDML index-story text extract; see coverage.py scope note
Именной,389,I,Кубера\владыка богатств,владыка богатств,UNVERIFIED,presence-only coverage check needs the IDML index-story text extract; see coverage.py scope note
Именной,390,I,Кукши,Кукши,UNVERIFIED,presence-only coverage check needs the IDML index-story text extract; see coverage.py scope note
Именной,391,I,Кукши\сын Икшваку,сын Икшваку,UNVERIFIED,presence-only coverage check needs the IDML index-story text extract; see coverage.py scope note
Именной,392,I,Кумбхакарна,Кумбхакарна,UNVERIFIED,presence-only coverage check needs the IDML index-story text extract; see coverage.py scope note
Именной,393,I,Кумбхакарна\брат Раваны,брат Раваны,UNVERIFIED,presence-only coverage check needs the IDML index-story text extract; see coverage.py scope note
Именной,394,I,Куша,Куша,UNVERIFIED,presence-only coverage check needs the IDML index-story text extract; see coverage.py scope note
Именной,395,I,Куша\потомок Брахмы,потомок Брахмы,UNVERIFIED,presence-only coverage check needs the IDML index-story text extract; see coverage.py scope note
Именной,396,I,Куша\сын Брахмы,сын Брахмы,UNVERIFIED,presence-only coverage check needs the IDML index-story text extract; see coverage.py scope note
Именной,397,I,Куша\сын Праджапати,сын Праджапати,UNVERIFIED,presence-only coverage check needs the IDML index-story text extract; see coverage.py scope note
Именной,398,I,Куша,Куша,UNVERIFIED,presence-only coverage check needs the IDML index-story text extract; see coverage.py scope note
Именной,399,I,Кушадхваджа,Кушадхваджа,UNVERIFIED,presence-only coverage check needs the IDML index-story text extract; see coverage.py scope note
Именной,400,I,Кушамба,Кушамба,UNVERIFIED,presence-only coverage check needs the IDML index-story text extract; see coverage.py scope note
Именной,401,I,Кушанабха,Кушанабха,UNVERIFIED,presence-only coverage check needs the IDML index-story text extract; see coverage.py scope note
Именной,402,I,Кушанабха\сын Куши,сын Куши,UNVERIFIED,presence-only coverage check needs the IDML index-story text extract; see coverage.py scope note
Именной,403,I,Кушанабха\царственный риши,царственный риши,UNVERIFIED,presence-only coverage check needs the IDML index-story text extract; see coverage.py scope note
Именной,404,I,Кушашва,Кушашва,UNVERIFIED,presence-only coverage check needs the IDML index-story text extract; see coverage.py scope note
Именной,405,I,Кушашва\сын Сахадевы,сын Сахадевы,UNVERIFIED,presence-only coverage check needs the IDML index-story text extract; see coverage.py scope note
Именной,406,I,Кхара,Кхара,UNVERIFIED,presence-only coverage check needs the IDML index-story text extract; see coverage.py scope note
Именной,407,I,Кхара\младший брат Раваны,младший брат Раваны,UNVERIFIED,presence-only coverage check needs the IDML index-story text extract; see coverage.py scope note
Именной,408,I,Лава,Лава,UNVERIFIED,presence-only coverage check needs the IDML index-story text extract; see coverage.py scope note
Именной,409,I,Лакшмана,Лакшмана,UNVERIFIED,presence-only coverage check needs the IDML index-story text extract; see coverage.py scope note
Именной,410,I,Лакшмана\брат Рамы,брат Рамы,UNVERIFIED,presence-only coverage check needs the IDML index-story text extract; see coverage.py scope note
Именной,411,I,Лакшмана\младший брат Бхараты,младший брат Бхараты,UNVERIFIED,presence-only coverage check needs the IDML index-story text extract; see coverage.py scope note
Именной,412,I,Лакшмана\младший брат Рамы,младший брат Рамы,UNVERIFIED,presence-only coverage check needs the IDML index-story text extract; see coverage.py scope note
Именной,413,I,"Лакшмана\наделенный счастливой долей, или лакшмивардхана",наделенный счастливой долей,UNVERIFIED,presence-only coverage check needs the IDML index-story text extract; see coverage.py scope note
Именной,414,I,"Лакшмана\наделенный счастьем, или лакшмисампанна",наделенный счастьем,UNVERIFIED,presence-only coverage check needs the IDML index-story text extract; see coverage.py scope note
Именной,415,I,Лакшмана\потомок Рагху,потомок Рагху,UNVERIFIED,presence-only coverage check needs the IDML index-story text extract; see coverage.py scope note
Именной,416,I,Лакшмана\преданный брат Рамы,преданный брат Рамы,UNVERIFIED,presence-only coverage check needs the IDML index-story text extract; see coverage.py scope note
Именной,417,I,Лакшмана\сын Сумитры,сын Сумитры,UNVERIFIED,presence-only coverage check needs the IDML index-story text extract; see coverage.py scope note
Именной,418,I,Лакшмана\услада матери Сумитры,услада матери Сумитры,UNVERIFIED,presence-only coverage check needs the IDML index-story text extract; see coverage.py scope note
Именной,419,I,Мадху,Мадху,UNVERIFIED,presence-only coverage check needs the IDML index-story text extract; see coverage.py scope note
Именной,420,I,Мадху,Мадху,UNVERIFIED,presence-only coverage check needs the IDML index-story text extract; see coverage.py scope note
Именной,421,I,"Мадхушпанда (Мадхучханда, Мадхучхандаса, Махишьянда, Махишпанда, Мадхушпанда)","Мадхушпанда (Мадхучханда, Мадхучхандаса, Махишьянда, Махишпанда, Мадхушпанда)",UNVERIFIED,presence-only coverage check needs the IDML index-story text extract; see coverage.py scope note
Именной,422,I,Майи-Равана,Майи-Равана,UNVERIFIED,presence-only coverage check needs the IDML index-story text extract; see coverage.py scope note
Именной,423,I,Майнда,Майнда,UNVERIFIED,presence-only coverage check needs the IDML index-story text extract; see coverage.py scope note
Именной,424,I,Мандави,Мандави,UNVERIFIED,presence-only coverage check needs the IDML index-story text extract; see coverage.py scope note
Именной,425,I,Мандхатар,Мандхатар,UNVERIFIED,presence-only coverage check needs the IDML index-story text extract; see coverage.py scope note
Именной,426,I,Мандхатар\сын Юванашвы,сын Юванашвы,UNVERIFIED,presence-only coverage check needs the IDML index-story text extract; see coverage.py scope note
Именной,427,I,Мантхара,Мантхара,UNVERIFIED,presence-only coverage check needs the IDML index-story text extract; see coverage.py scope note
Именной,428,I,Мантхара\дочь Вирочаны,дочь Вирочаны,UNVERIFIED,presence-only coverage check needs the IDML index-story text extract; see coverage.py scope note
Именной,429,I,Мантхара,Мантхара,UNVERIFIED,presence-only coverage check needs the IDML index-story text extract; see coverage.py scope note
Именной,430,I,Ману,Ману,UNVERIFIED,presence-only coverage check needs the IDML index-story text extract; see coverage.py scope note
Именной,431,I,Ману\отец Икшваку,отец Икшваку,UNVERIFIED,presence-only coverage check needs the IDML index-story text extract; see coverage.py scope note
Именной,432,I,"Ману\сын Вивасвата, или Вайвасвата",сын Вивасвата,UNVERIFIED,presence-only coverage check needs the IDML index-story text extract; see coverage.py scope note
Именной,433,I,Ману\хранитель мира,хранитель мира,UNVERIFIED,presence-only coverage check needs the IDML index-story text extract; see coverage.py scope note
Именной,434,I,Марича,Марича,UNVERIFIED,presence-only coverage check needs the IDML index-story text extract; see coverage.py scope note
Именной,435,I,Марича\сын Сунды,сын Сунды,UNVERIFIED,presence-only coverage check needs the IDML index-story text extract; see coverage.py scope note
Именной,436,I,Марича\сын Тараки,сын Тараки,UNVERIFIED,presence-only coverage check needs the IDML index-story text extract; see coverage.py scope note
Именной,437,I,Маричи,Маричи,UNVERIFIED,presence-only coverage check needs the IDML index-story text extract; see coverage.py scope note
Именной,438,I,Маричи\сын Брахмы,сын Брахмы,UNVERIFIED,presence-only coverage check needs the IDML index-story text extract; see coverage.py scope note
Именной,439,I,Маркандея,Маркандея,UNVERIFIED,presence-only coverage check needs the IDML index-story text extract; see coverage.py scope note
Именной,440,I,Маркандея\Диргхаюс,Диргхаюс,UNVERIFIED,presence-only coverage check needs the IDML index-story text extract; see coverage.py scope note
Именной,441,I,Мару,Мару,UNVERIFIED,presence-only coverage check needs the IDML index-story text extract; see coverage.py scope note
Именной,442,I,Мару,Мару,UNVERIFIED,presence-only coverage check needs the IDML index-story text extract; see coverage.py scope note
Именной,443,I,Матали,Матали,UNVERIFIED,presence-only coverage check needs the IDML index-story text extract; see coverage.py scope note
Именной,444,I,Матали\возничий Индры,возничий Индры,UNVERIFIED,presence-only coverage check needs the IDML index-story text extract; see coverage.py scope note
Именной,445,I,Матали\советник Индры,советник Индры,UNVERIFIED,presence-only coverage check needs the IDML index-story text extract; see coverage.py scope note
Именной,446,I,Маудгалья,Маудгалья,UNVERIFIED,presence-only coverage check needs the IDML index-story text extract; see coverage.py scope note
Именной,447,I,Махавира,Махавира,UNVERIFIED,presence-only coverage check needs the IDML index-story text extract; see coverage.py scope note
Именной,448,I,Махавира\сын Брихадратхи,сын Брихадратхи,UNVERIFIED,presence-only coverage check needs the IDML index-story text extract; see coverage.py scope note
Именной,449,I,Махападма,Махападма,UNVERIFIED,presence-only coverage check needs the IDML index-story text extract; see coverage.py scope note
Именной,450,I,Махападма\слон Ямы,слон Ямы,UNVERIFIED,presence-only coverage check needs the IDML index-story text extract; see coverage.py scope note
Именной,451,I,Махаратха,Махаратха,UNVERIFIED,presence-only coverage check needs the IDML index-story text extract; see coverage.py scope note
Именной,452,I,Махароман,Махароман,UNVERIFIED,presence-only coverage check needs the IDML index-story text extract; see coverage.py scope note
Именной,453,I,Махидхрака,Махидхрака,UNVERIFIED,presence-only coverage check needs the IDML index-story text extract; see coverage.py scope note
Именной,454,I,Маходая,Маходая,UNVERIFIED,presence-only coverage check needs the IDML index-story text extract; see coverage.py scope note
Именной,455,I,Мегханада,Мегханада,UNVERIFIED,presence-only coverage check needs the IDML index-story text extract; see coverage.py scope note
Именной,456,I,Мегханада\Индраджит,Индраджит,UNVERIFIED,presence-only coverage check needs the IDML index-story text extract; see coverage.py scope note
Именной,457,I,Мегханада\победитель Индры,победитель Индры,UNVERIFIED,presence-only coverage check needs the IDML index-story text extract; see coverage.py scope note
Именной,458,I,Мегханада\сын Раваны,сын Раваны,UNVERIFIED,presence-only coverage check needs the IDML index-story text extract; see coverage.py scope note
Именной,459,I,Мена,Мена,UNVERIFIED,presence-only coverage check needs the IDML index-story text extract; see coverage.py scope note
Именной,460,I,Мена\дочь горы Меру,дочь горы Меру,UNVERIFIED,presence-only coverage check needs the IDML index-story text extract; see coverage.py scope note
Именной,461,I,Мена\жена Химавата,жена Химавата,UNVERIFIED,presence-only coverage check needs the IDML index-story text extract; see coverage.py scope note
Именной,462,I,Менака,Менака,UNVERIFIED,presence-only coverage check needs the IDML index-story text extract; see coverage.py scope note
Именной,463,I,Митра,Митра,UNVERIFIED,presence-only coverage check needs the IDML index-story text extract; see coverage.py scope note
Именной,464,I,Митхи,Митхи,UNVERIFIED,presence-only coverage check needs the IDML index-story text extract; see coverage.py scope note
Именной,465,I,Мишракеши,Мишракеши,UNVERIFIED,presence-only coverage check needs the IDML index-story text extract; see coverage.py scope note
Именной,466,I,Молочный океан,Молочный океан,UNVERIFIED,presence-only coverage check needs the IDML index-story text extract; see coverage.py scope note
Именной,467,I,Мохини,Мохини,UNVERIFIED,presence-only coverage check needs the IDML index-story text extract; see coverage.py scope note
Именной,468,I,Набхага,Набхага,UNVERIFIED,presence-only coverage check needs the IDML index-story text extract; see coverage.py scope note
Именной,469,I,Набхага\сын Нахуши,сын Нахуши,UNVERIFIED,presence-only coverage check needs the IDML index-story text extract; see coverage.py scope note
Именной,470,I,Набхага\сын Яяти,сын Яяти,UNVERIFIED,presence-only coverage check needs the IDML index-story text extract; see coverage.py scope note
Именной,471,I,Нагадатта,Нагадатта,UNVERIFIED,presence-only coverage check needs the IDML index-story text extract; see coverage.py scope note
Именной,472,I,Нала,Нала,UNVERIFIED,presence-only coverage check needs the IDML index-story text extract; see coverage.py scope note
Именной,473,I,Нала\сын Вишвакармана,сын Вишвакармана,UNVERIFIED,presence-only coverage check needs the IDML index-story text extract; see coverage.py scope note
Именной,474,I,"Налини, подруга Анасуи","Налини, подруга Анасуи",UNVERIFIED,presence-only coverage check needs the IDML index-story text extract; see coverage.py scope note
Именной,475,I,Нандивардхана,Нандивардхана,UNVERIFIED,presence-only coverage check needs the IDML index-story text extract; see coverage.py scope note
Именной,476,I,Нандин,Нандин,UNVERIFIED,presence-only coverage check needs the IDML index-story text extract; see coverage.py scope note
Именной,477,I,Нарада,Нарада,UNVERIFIED,presence-only coverage check needs the IDML index-story text extract; see coverage.py scope note
Именной,478,I,Нарада\великий риши,великий риши,UNVERIFIED,presence-only coverage check needs the IDML index-story text extract; see coverage.py scope note
Именной,479,I,Нарада\сын Брахмы,сын Брахмы,UNVERIFIED,presence-only coverage check needs the IDML index-story text extract; see coverage.py scope note
Именной,480,I,Нарада\устранитель невежества,устранитель невежества,UNVERIFIED,presence-only coverage check needs the IDML index-story text extract; see coverage.py scope note
Именной,481,I,Нахуша,Нахуша,UNVERIFIED,presence-only coverage check needs the IDML index-story text extract; see coverage.py scope note
Именной,482,I,Нахуша\сын Амбариши,сын Амбариши,UNVERIFIED,presence-only coverage check needs the IDML index-story text extract; see coverage.py scope note
Именной,483,I,Никула,Никула,UNVERIFIED,presence-only coverage check needs the IDML index-story text extract; see coverage.py scope note
Именной,484,I,Никумбха,Никумбха,UNVERIFIED,presence-only coverage check needs the IDML index-story text extract; see coverage.py scope note
Именной,485,I,Нила,Нила,UNVERIFIED,presence-only coverage check needs the IDML index-story text extract; see coverage.py scope note
Именной,486,I,Ними,Ними,UNVERIFIED,presence-only coverage check needs the IDML index-story text extract; see coverage.py scope note
Именной,487,I,Пака,Пака,UNVERIFIED,presence-only coverage check needs the IDML index-story text extract; see coverage.py scope note
Именной,488,I,Патала-Равана,Патала-Равана,UNVERIFIED,presence-only coverage check needs the IDML index-story text extract; see coverage.py scope note
Именной,489,I,Прабхаса,Прабхаса,UNVERIFIED,presence-only coverage check needs the IDML index-story text extract; see coverage.py scope note
Именной,490,I,Правриддха,Правриддха,UNVERIFIED,presence-only coverage check needs the IDML index-story text extract; see coverage.py scope note
Именной,491,I,Правриддха\сын Рагху,сын Рагху,UNVERIFIED,presence-only coverage check needs the IDML index-story text extract; see coverage.py scope note
Именной,492,I,Прасенаджит,Прасенаджит,UNVERIFIED,presence-only coverage check needs the IDML index-story text extract; see coverage.py scope note
Именной,493,I,Пратиндхака,Пратиндхака,UNVERIFIED,presence-only coverage check needs the IDML index-story text extract; see coverage.py scope note
Именной,494,I,Пратьюша,Пратьюша,UNVERIFIED,presence-only coverage check needs the IDML index-story text extract; see coverage.py scope note
Именной,495,I,Прахлада,Прахлада,UNVERIFIED,presence-only coverage check needs the IDML index-story text extract; see coverage.py scope note
Именной,496,I,Прачетас,Прачетас,UNVERIFIED,presence-only coverage check needs the IDML index-story text extract; see coverage.py scope note
Именной,497,I,"Прашушрува, или Прашушрука",Прашушрува,UNVERIFIED,presence-only coverage check needs the IDML index-story text extract; see coverage.py scope note
Именной,498,I,Притхиви,Притхиви,UNVERIFIED,presence-only coverage check needs the IDML index-story text extract; see coverage.py scope note
Именной,499,I,Притхиви\Земля,Земля,UNVERIFIED,presence-only coverage check needs the IDML index-story text extract; see coverage.py scope note
Именной,500,I,Притху,Притху,UNVERIFIED,presence-only coverage check needs the IDML index-story text extract; see coverage.py scope note
Именной,501,I,Пришни,Пришни,UNVERIFIED,presence-only coverage check needs the IDML index-story text extract; see coverage.py scope note
Именной,502,I,Пуластья,Пуластья,UNVERIFIED,presence-only coverage check needs the IDML index-story text extract; see coverage.py scope note
Именной,503,I,Пулаха,Пулаха,UNVERIFIED,presence-only coverage check needs the IDML index-story text extract; see coverage.py scope note
Именной,504,I,Пулома,Пулома,UNVERIFIED,presence-only coverage check needs the IDML index-story text extract; see coverage.py scope note
Именной,505,I,Пулома\жена Бхригу,жена Бхригу,UNVERIFIED,presence-only coverage check needs the IDML index-story text extract; see coverage.py scope note
Именной,506,I,Пулома\мать Кавьи,мать Кавьи,UNVERIFIED,presence-only coverage check needs the IDML index-story text extract; see coverage.py scope note
Именной,507,I,Пулома\мать Шукры,мать Шукры,UNVERIFIED,presence-only coverage check needs the IDML index-story text extract; see coverage.py scope note
Именной,508,I,Пунарвасу,Пунарвасу,UNVERIFIED,presence-only coverage check needs the IDML index-story text extract; see coverage.py scope note
Именной,509,I,Пундарика,Пундарика,UNVERIFIED,presence-only coverage check needs the IDML index-story text extract; see coverage.py scope note
Именной,510,I,Пуру,Пуру,UNVERIFIED,presence-only coverage check needs the IDML index-story text extract; see coverage.py scope note
Именной,511,I,Пушан,Пушан,UNVERIFIED,presence-only coverage check needs the IDML index-story text extract; see coverage.py scope note
Именной,512,I,Равана,Равана,UNVERIFIED,presence-only coverage check needs the IDML index-story text extract; see coverage.py scope note
Именной,513,I,Равана\брат Вайшраваны,брат Вайшраваны,UNVERIFIED,presence-only coverage check needs the IDML index-story text extract; see coverage.py scope note
Именной,514,I,"Равана\Дашагрива, или десятишеий",Дашагрива,UNVERIFIED,presence-only coverage check needs the IDML index-story text extract; see coverage.py scope note
Именной,515,I,Равана\Десятиголовый,Десятиголовый,UNVERIFIED,presence-only coverage check needs the IDML index-story text extract; see coverage.py scope note
Именной,516,I,Равана\Десятиликий,Десятиликий,UNVERIFIED,presence-only coverage check needs the IDML index-story text extract; see coverage.py scope note
Именной,517,I,"Равана\потомок Пуластьи, или Пауластья",потомок Пуластьи,UNVERIFIED,presence-only coverage check needs the IDML index-story text extract; see coverage.py scope note
Именной,518,I,Равана\сын Вишраваса,сын Вишраваса,UNVERIFIED,presence-only coverage check needs the IDML index-story text extract; see coverage.py scope note
Именной,519,I,Рагхава,Рагхава,UNVERIFIED,presence-only coverage check needs the IDML index-story text extract; see coverage.py scope note
Именной,520,I,Рагхавы,Рагхавы,UNVERIFIED,presence-only coverage check needs the IDML index-story text extract; see coverage.py scope note
Именной,521,I,Рагху,Рагху,UNVERIFIED,presence-only coverage check needs the IDML index-story text extract; see coverage.py scope note
Именной,522,I,Рагху\сын Какутстхи,сын Какутстхи,UNVERIFIED,presence-only coverage check needs the IDML index-story text extract; see coverage.py scope note
Именной,523,I,Рама Джамадагнья,Рама Джамадагнья,UNVERIFIED,presence-only coverage check needs the IDML index-story text extract; see coverage.py scope note
Именной,524,I,Рама Джамадагнья\Джамадагнья,Джамадагнья,UNVERIFIED,presence-only coverage check needs the IDML index-story text extract; see coverage.py scope note
Именной,525,I,"Рама Джамадагнья\Парашурама, или Рама с топором",Парашурама,UNVERIFIED,presence-only coverage check needs the IDML index-story text extract; see coverage.py scope note
Именной,526,I,Рама Джамадагнья\потомок Бхригу,потомок Бхригу,UNVERIFIED,presence-only coverage check needs the IDML index-story text extract; see coverage.py scope note
Именной,527,I,Рама Джамадагнья\Рама,Рама,UNVERIFIED,presence-only coverage check needs the IDML index-story text extract; see coverage.py scope note
Именной,528,I,Рама Джамадагнья\сын Джамадагни,сын Джамадагни,UNVERIFIED,presence-only coverage check needs the IDML index-story text extract; see coverage.py scope note
Именной,529,I,Рама,Рама,UNVERIFIED,presence-only coverage check needs the IDML index-story text extract; see coverage.py scope note
Именной,530,I,Рама\брат Лакшманы,брат Лакшманы,UNVERIFIED,presence-only coverage check needs the IDML index-story text extract; see coverage.py scope note
Именной,531,I,Рама\верный своей цели,верный своей цели,UNVERIFIED,presence-only coverage check needs the IDML index-story text extract; see coverage.py scope note
Именной,532,I,Рама\Владыка мира,Владыка мира,UNVERIFIED,presence-only coverage check needs the IDML index-story text extract; see coverage.py scope note
Именной,533,I,Рама\владыка Косалы,владыка Косалы,UNVERIFIED,presence-only coverage check needs the IDML index-story text extract; see coverage.py scope note
Именной,534,I,Рама\любимец царя,любимец царя,UNVERIFIED,presence-only coverage check needs the IDML index-story text extract; see coverage.py scope note
Именной,535,I,"Рама\любимый людьми, или локарама",любимый людьми,UNVERIFIED,presence-only coverage check needs the IDML index-story text extract; see coverage.py scope note
Именной,536,I,Рама\любимый сын Каусальи,любимый сын Каусальи,UNVERIFIED,presence-only coverage check needs the IDML index-story text extract; see coverage.py scope note
Именной,537,I,Рама\наследник рода Рагху,наследник рода Рагху,UNVERIFIED,presence-only coverage check needs the IDML index-story text extract; see coverage.py scope note
Именной,538,I,Рама\потомок великого рода,потомок великого рода,UNVERIFIED,presence-only coverage check needs the IDML index-story text extract; see coverage.py scope note
Именной,539,I,Рама\потомок Икшваку,потомок Икшваку,UNVERIFIED,presence-only coverage check needs the IDML index-story text extract; see coverage.py scope note
Именной,540,I,Рама\потомок Какутстхи,потомок Какутстхи,UNVERIFIED,presence-only coverage check needs the IDML index-story text extract; see coverage.py scope note
Именной,541,I,Рама\потомок славного рода,потомок славного рода,UNVERIFIED,presence-only coverage check needs the IDML index-story text extract; see coverage.py scope note
Именной,542,I,Рама\потомок царственного рода,потомок царственного рода,UNVERIFIED,presence-only coverage check needs the IDML index-story text extract; see coverage.py scope note
Именной,543,I,"Рама\Рагхава, или потомок Рагху",Рагхава,UNVERIFIED,presence-only coverage check needs the IDML index-story text extract; see coverage.py scope note
Именной,544,I,Рама\старший брат Бхараты,старший брат Бхараты,UNVERIFIED,presence-only coverage check needs the IDML index-story text extract; see coverage.py scope note
Именной,545,I,Рама\старший брат Лакшманы,старший брат Лакшманы,UNVERIFIED,presence-only coverage check needs the IDML index-story text extract; see coverage.py scope note
Именной,546,I,Рама\сын Дашаратхи,сын Дашаратхи,UNVERIFIED,presence-only coverage check needs the IDML index-story text extract; see coverage.py scope note
Именной,547,I,Рама\сын Каусальи,сын Каусальи,UNVERIFIED,presence-only coverage check needs the IDML index-story text extract; see coverage.py scope note
Именной,548,I,Рама\услада матери Каусальи,услада матери Каусальи,UNVERIFIED,presence-only coverage check needs the IDML index-story text extract; see coverage.py scope note
Именной,549,I,Рама\услада рода Рагху,услада рода Рагху,UNVERIFIED,presence-only coverage check needs the IDML index-story text extract; see coverage.py scope note
Именной,550,I,"Рама\Хираньянабха, или ""чей пупок сияет как золото""",Хираньянабха,UNVERIFIED,presence-only coverage check needs the IDML index-story text extract; see coverage.py scope note
Именной,551,I,Рамбха,Рамбха,UNVERIFIED,presence-only coverage check needs the IDML index-story text extract; see coverage.py scope note
Именной,552,I,Раху,Раху,UNVERIFIED,presence-only coverage check needs the IDML index-story text extract; see coverage.py scope note
Именной,553,I,Раштравардхана,Раштравардхана,UNVERIFIED,presence-only coverage check needs the IDML index-story text extract; see coverage.py scope note
Именной,554,I,Ренука,Ренука,UNVERIFIED,presence-only coverage check needs the IDML index-story text extract; see coverage.py scope note
Именной,555,I,Ренука\жена Джамадагни,жена Джамадагни,UNVERIFIED,presence-only coverage check needs the IDML index-story text extract; see coverage.py scope note
Именной,556,I,Ричика,Ричика,UNVERIFIED,presence-only coverage check needs the IDML index-story text extract; see coverage.py scope note
Именной,557,I,Ричика\потомок Бхригу,потомок Бхригу,UNVERIFIED,presence-only coverage check needs the IDML index-story text extract; see coverage.py scope note
Именной,558,I,Ришьяшринга,Ришьяшринга,UNVERIFIED,presence-only coverage check needs the IDML index-story text extract; see coverage.py scope note
Именной,559,I,Ришьяшринга\внук Кашьяпы,внук Кашьяпы,UNVERIFIED,presence-only coverage check needs the IDML index-story text extract; see coverage.py scope note
Именной,560,I,Ришьяшринга\зять Ромапады,зять Ромапады,UNVERIFIED,presence-only coverage check needs the IDML index-story text extract; see coverage.py scope note
Именной,561,I,Ришьяшринга\супруг Шанты,супруг Шанты,UNVERIFIED,presence-only coverage check needs the IDML index-story text extract; see coverage.py scope note
Именной,562,I,Ришьяшринга\сын Вибхандаки,сын Вибхандаки,UNVERIFIED,presence-only coverage check needs the IDML index-story text extract; see coverage.py scope note
Именной,563,I,"Ромапада, или Ломапада",Ромапада,UNVERIFIED,presence-only coverage check needs the IDML index-story text extract; see coverage.py scope note
Именной,564,I,"Ромапада, или Ломапада\владыка ангов",владыка ангов,UNVERIFIED,presence-only coverage check needs the IDML index-story text extract; see coverage.py scope note
Именной,565,I,Рохини,Рохини,UNVERIFIED,presence-only coverage check needs the IDML index-story text extract; see coverage.py scope note
Именной,566,I,Рохини\жена Чандры (Месяца),жена Чандры (Месяца),UNVERIFIED,presence-only coverage check needs the IDML index-story text extract; see coverage.py scope note
Именной,567,I,Савитри,Савитри,UNVERIFIED,presence-only coverage check needs the IDML index-story text extract; see coverage.py scope note
Именной,568,I,Сагара,Сагара,UNVERIFIED,presence-only coverage check needs the IDML index-story text extract; see coverage.py scope note
Именной,569,I,Сагара\потомок Какутстхи,потомок Какутстхи,UNVERIFIED,presence-only coverage check needs the IDML index-story text extract; see coverage.py scope note
Именной,570,I,Сагара\сын Калинди,сын Калинди,UNVERIFIED,presence-only coverage check needs the IDML index-story text extract; see coverage.py scope note
Именной,571,I,Сампати,Сампати,UNVERIFIED,presence-only coverage check needs the IDML index-story text extract; see coverage.py scope note
Именной,572,I,Самудра,Самудра,UNVERIFIED,presence-only coverage check needs the IDML index-story text extract; see coverage.py scope note
Именной,573,I,Самудра\владыка рек,владыка рек,UNVERIFIED,presence-only coverage check needs the IDML index-story text extract; see coverage.py scope note
Именной,574,I,Самудра\Океан,Океан,UNVERIFIED,presence-only coverage check needs the IDML index-story text extract; see coverage.py scope note
Именной,575,I,Санаткумара,Санаткумара,UNVERIFIED,presence-only coverage check needs the IDML index-story text extract; see coverage.py scope note
Именной,576,I,Сатурн,Сатурн,UNVERIFIED,presence-only coverage check needs the IDML index-story text extract; see coverage.py scope note
Именной,577,I,Сатьяван,Сатьяван,UNVERIFIED,presence-only coverage check needs the IDML index-story text extract; see coverage.py scope note
Именной,578,I,Сатьяван\сын Дьюматсены,сын Дьюматсены,UNVERIFIED,presence-only coverage check needs the IDML index-story text extract; see coverage.py scope note
Именной,579,I,Сатьявати,Сатьявати,UNVERIFIED,presence-only coverage check needs the IDML index-story text extract; see coverage.py scope note
Именной,580,I,Сатьявати\дочь царя Гадхи,дочь царя Гадхи,UNVERIFIED,presence-only coverage check needs the IDML index-story text extract; see coverage.py scope note
Именной,581,I,Сатьявати\Каушики,Каушики,UNVERIFIED,presence-only coverage check needs the IDML index-story text extract; see coverage.py scope note
Именной,582,I,Сатьявати\мать Шунахшепы,мать Шунахшепы,UNVERIFIED,presence-only coverage check needs the IDML index-story text extract; see coverage.py scope note
Именной,583,I,Сатьявати\сестра Вишвамитры,сестра Вишвамитры,UNVERIFIED,presence-only coverage check needs the IDML index-story text extract; see coverage.py scope note
Именной,584,I,Сауманаса,Сауманаса,UNVERIFIED,presence-only coverage check needs the IDML index-story text extract; see coverage.py scope note
Именной,585,I,Сахадева,Сахадева,UNVERIFIED,presence-only coverage check needs the IDML index-story text extract; see coverage.py scope note
Именной,586,I,Сварнароман,Сварнароман,UNVERIFIED,presence-only coverage check needs the IDML index-story text extract; see coverage.py scope note
Именной,587,I,Сиддхартха,Сиддхартха,UNVERIFIED,presence-only coverage check needs the IDML index-story text extract; see coverage.py scope note
Именной,588,I,Синхика,Синхика,UNVERIFIED,presence-only coverage check needs the IDML index-story text extract; see coverage.py scope note
Именной,589,I,Сита,Сита,UNVERIFIED,presence-only coverage check needs the IDML index-story text extract; see coverage.py scope note
Именной,590,I,Сита\дочь Дашаратхи,дочь Дашаратхи,UNVERIFIED,presence-only coverage check needs the IDML index-story text extract; see coverage.py scope note
Именной,591,I,Сита\дочь Джанаки (царя Видехи),дочь Джанаки (царя Видехи),UNVERIFIED,presence-only coverage check needs the IDML index-story text extract; see coverage.py scope note
Именной,592,I,Сита\Майтхили,Майтхили,UNVERIFIED,presence-only coverage check needs the IDML index-story text extract; see coverage.py scope note
Именной,593,I,Сита\рожденная в роде Джанаки,рожденная в роде Джанаки,UNVERIFIED,presence-only coverage check needs the IDML index-story text extract; see coverage.py scope note
Именной,594,I,Сита\супруга (жена) Рамы,супруга (жена) Рамы,UNVERIFIED,presence-only coverage check needs the IDML index-story text extract; see coverage.py scope note
Именной,595,I,Сита\царевна Видехи (Митхилы),царевна Видехи (Митхилы),UNVERIFIED,presence-only coverage check needs the IDML index-story text extract; see coverage.py scope note
Именной,596,I,Сканда,Сканда,UNVERIFIED,presence-only coverage check needs the IDML index-story text extract; see coverage.py scope note
Именной,597,I,"Сканда\Картикея, или Карттикея",Картикея,UNVERIFIED,presence-only coverage check needs the IDML index-story text extract; see coverage.py scope note
Именной,598,I,Сканда\Кумара,Кумара,UNVERIFIED,presence-only coverage check needs the IDML index-story text extract; see coverage.py scope note
Именной,599,I,"Сканда\Шаданана, или Шестиликий",Шаданана,UNVERIFIED,presence-only coverage check needs the IDML index-story text extract; see coverage.py scope note
Именной,600,I,Сома,Сома,UNVERIFIED,presence-only coverage check needs the IDML index-story text extract; see coverage.py scope note
Именной,601,I,Сома,Сома,UNVERIFIED,presence-only coverage check needs the IDML index-story text extract; see coverage.py scope note
Именной,602,I,Сомада,Сомада,UNVERIFIED,presence-only coverage check needs the IDML index-story text extract; see coverage.py scope note
Именной,603,I,Сомада\дочь Урмилы,дочь Урмилы,UNVERIFIED,presence-only coverage check needs the IDML index-story text extract; see coverage.py scope note
Именной,604,I,Сомадатта,Сомадатта,UNVERIFIED,presence-only coverage check needs the IDML index-story text extract; see coverage.py scope note
Именной,605,I,Сринджая,Сринджая,UNVERIFIED,presence-only coverage check needs the IDML index-story text extract; see coverage.py scope note
Именной,606,I,Субаху,Субаху,UNVERIFIED,presence-only coverage check needs the IDML index-story text extract; see coverage.py scope note
Именной,607,I,Субаху\сын Тимидхваджи,сын Тимидхваджи,UNVERIFIED,presence-only coverage check needs the IDML index-story text extract; see coverage.py scope note
Именной,608,I,Субаху\сын Упасунды,сын Упасунды,UNVERIFIED,presence-only coverage check needs the IDML index-story text extract; see coverage.py scope note
Именной,609,I,Суврата,Суврата,UNVERIFIED,presence-only coverage check needs the IDML index-story text extract; see coverage.py scope note
Именной,610,I,Сугрива,Сугрива,UNVERIFIED,presence-only coverage check needs the IDML index-story text extract; see coverage.py scope note
Именной,611,I,Сугрива\сын бога Солнца,сын бога Солнца,UNVERIFIED,presence-only coverage check needs the IDML index-story text extract; see coverage.py scope note
Именной,612,I,Сугрива\сын Сурьи,сын Сурьи,UNVERIFIED,presence-only coverage check needs the IDML index-story text extract; see coverage.py scope note
Именной,613,I,Сугрива\царь обезьян,царь обезьян,UNVERIFIED,presence-only coverage check needs the IDML index-story text extract; see coverage.py scope note
Именной,614,I,Судамана,Судамана,UNVERIFIED,presence-only coverage check needs the IDML index-story text extract; see coverage.py scope note
Именной,615,I,Сударшана,Сударшана,UNVERIFIED,presence-only coverage check needs the IDML index-story text extract; see coverage.py scope note
Именной,616,I,Сударшана\сын Шанкханы,сын Шанкханы,UNVERIFIED,presence-only coverage check needs the IDML index-story text extract; see coverage.py scope note
Именной,617,I,Судханван,Судханван,UNVERIFIED,presence-only coverage check needs the IDML index-story text extract; see coverage.py scope note
Именной,618,I,Судханван,Судханван,UNVERIFIED,presence-only coverage check needs the IDML index-story text extract; see coverage.py scope note
Именной,619,I,Судхрити,Судхрити,UNVERIFIED,presence-only coverage check needs the IDML index-story text extract; see coverage.py scope note
Именной,620,I,Судхрити\сын Махавиры,сын Махавиры,UNVERIFIED,presence-only coverage check needs the IDML index-story text extract; see coverage.py scope note
Именной,621,I,Сукету,Сукету,UNVERIFIED,presence-only coverage check needs the IDML index-story text extract; see coverage.py scope note
Именной,622,I,Сукету,Сукету,UNVERIFIED,presence-only coverage check needs the IDML index-story text extract; see coverage.py scope note
Именной,623,I,Сукету\сын Нандивардханы,сын Нандивардханы,UNVERIFIED,presence-only coverage check needs the IDML index-story text extract; see coverage.py scope note
Именной,624,I,Сукету\царственный риши,царственный риши,UNVERIFIED,presence-only coverage check needs the IDML index-story text extract; see coverage.py scope note
Именной,625,I,Сумантра,Сумантра,UNVERIFIED,presence-only coverage check needs the IDML index-story text extract; see coverage.py scope note
Именной,626,I,Сумантра\сведущий в советах,сведущий в советах,UNVERIFIED,presence-only coverage check needs the IDML index-story text extract; see coverage.py scope note
Именной,627,I,Сумати,Сумати,UNVERIFIED,presence-only coverage check needs the IDML index-story text extract; see coverage.py scope note
Именной,628,I,Сумати\сын Какутстхи,сын Какутстхи,UNVERIFIED,presence-only coverage check needs the IDML index-story text extract; see coverage.py scope note
Именной,629,I,Сумати,Сумати,UNVERIFIED,presence-only coverage check needs the IDML index-story text extract; see coverage.py scope note
Именной,630,I,Сумати\вторая супруга Сагары,вторая супруга Сагары,UNVERIFIED,presence-only coverage check needs the IDML index-story text extract; see coverage.py scope note
Именной,631,I,Сумати\дочь Ариштанеми,дочь Ариштанеми,UNVERIFIED,presence-only coverage check needs the IDML index-story text extract; see coverage.py scope note
Именной,632,I,Сумати\сестра Супарны,сестра Супарны,UNVERIFIED,presence-only coverage check needs the IDML index-story text extract; see coverage.py scope note
Именной,633,I,Сумитра,Сумитра,UNVERIFIED,presence-only coverage check needs the IDML index-story text extract; see coverage.py scope note
Именной,634,I,Сунда,Сунда,UNVERIFIED,presence-only coverage check needs the IDML index-story text extract; see coverage.py scope note
Именной,635,I,Сунда\сын Джамбхи,сын Джамбхи,UNVERIFIED,presence-only coverage check needs the IDML index-story text extract; see coverage.py scope note
Именной,636,I,Супрабха,Супрабха,UNVERIFIED,presence-only coverage check needs the IDML index-story text extract; see coverage.py scope note
Именной,637,I,Сура,Сура,UNVERIFIED,presence-only coverage check needs the IDML index-story text extract; see coverage.py scope note
Именной,638,I,Сураса,Сураса,UNVERIFIED,presence-only coverage check needs the IDML index-story text extract; see coverage.py scope note
Именной,639,I,Сураштра,Сураштра,UNVERIFIED,presence-only coverage check needs the IDML index-story text extract; see coverage.py scope note
Именной,640,I,"Сурья, или Солнце",Сурья,UNVERIFIED,presence-only coverage check needs the IDML index-story text extract; see coverage.py scope note
Именной,641,I,"Сурья, или Солнце\Вивасват",Вивасват,UNVERIFIED,presence-only coverage check needs the IDML index-story text extract; see coverage.py scope note
Именной,642,I,"Сурья, или Солнце\отец Ману",отец Ману,UNVERIFIED,presence-only coverage check needs the IDML index-story text extract; see coverage.py scope note
Именной,643,I,"Сурья, или Солнце\Савитар",Савитар,UNVERIFIED,presence-only coverage check needs the IDML index-story text extract; see coverage.py scope note
Именной,644,I,"Сурья, или Солнце\Таркшья",Таркшья,UNVERIFIED,presence-only coverage check needs the IDML index-story text extract; see coverage.py scope note
Именной,645,I,Сусандхи,Сусандхи,UNVERIFIED,presence-only coverage check needs the IDML index-story text extract; see coverage.py scope note
Именной,646,I,Сутикшна,Сутикшна,UNVERIFIED,presence-only coverage check needs the IDML index-story text extract; see coverage.py scope note
Именной,647,I,Сучандра,Сучандра,UNVERIFIED,presence-only coverage check needs the IDML index-story text extract; see coverage.py scope note
Именной,648,I,Сучандра\наследник Хемачандры,наследник Хемачандры,UNVERIFIED,presence-only coverage check needs the IDML index-story text extract; see coverage.py scope note
Именной,649,I,Сушена,Сушена,UNVERIFIED,presence-only coverage check needs the IDML index-story text extract; see coverage.py scope note
Именной,650,I,Суяджня,Суяджня,UNVERIFIED,presence-only coverage check needs the IDML index-story text extract; see coverage.py scope note
Именной,651,I,Суяджня\сын Васиштхи,сын Васиштхи,UNVERIFIED,presence-only coverage check needs the IDML index-story text extract; see coverage.py scope note
Именной,652,I,Тара,Тара,UNVERIFIED,presence-only coverage check needs the IDML index-story text extract; see coverage.py scope note
Именной,653,I,Тара,Тара,UNVERIFIED,presence-only coverage check needs the IDML index-story text extract; see coverage.py scope note
Именной,654,I,Тара,Тара,UNVERIFIED,presence-only coverage check needs the IDML index-story text extract; see coverage.py scope note
Именной,655,I,Тарака (Татака),Тарака (Татака),UNVERIFIED,presence-only coverage check needs the IDML index-story text extract; see coverage.py scope note
Именной,656,I,Тарака (Татака)\дочь Сукету,дочь Сукету,UNVERIFIED,presence-only coverage check needs the IDML index-story text extract; see coverage.py scope note
Именной,657,I,Тарака (Татака)\жена Сунды,жена Сунды,UNVERIFIED,presence-only coverage check needs the IDML index-story text extract; see coverage.py scope note
Именной,658,I,Тваштар,Тваштар,UNVERIFIED,presence-only coverage check needs the IDML index-story text extract; see coverage.py scope note
Именной,659,I,Тилоттама,Тилоттама,UNVERIFIED,presence-only coverage check needs the IDML index-story text extract; see coverage.py scope note
Именной,660,I,Тимидхваджа,Тимидхваджа,UNVERIFIED,presence-only coverage check needs the IDML index-story text extract; see coverage.py scope note
Именной,661,I,Триджата,Триджата,UNVERIFIED,presence-only coverage check needs the IDML index-story text extract; see coverage.py scope note
Именной,662,I,Триджата Гаргья,Триджата Гаргья,UNVERIFIED,presence-only coverage check needs the IDML index-story text extract; see coverage.py scope note
Именной,663,I,Тришанку,Тришанку,UNVERIFIED,presence-only coverage check needs the IDML index-story text extract; see coverage.py scope note
Именной,664,I,Тришанку\государь Айодхьи,государь Айодхьи,UNVERIFIED,presence-only coverage check needs the IDML index-story text extract; see coverage.py scope note
Именной,665,I,Тришанку\потомок Икшваку,потомок Икшваку,UNVERIFIED,presence-only coverage check needs the IDML index-story text extract; see coverage.py scope note
Именной,666,I,Тришанку\Сатьяврата,Сатьяврата,UNVERIFIED,presence-only coverage check needs the IDML index-story text extract; see coverage.py scope note
Именной,667,I,Тришанку\сын Кушики,сын Кушики,UNVERIFIED,presence-only coverage check needs the IDML index-story text extract; see coverage.py scope note
Именной,668,I,Триширас,Триширас,UNVERIFIED,presence-only coverage check needs the IDML index-story text extract; see coverage.py scope note
Именной,669,I,Тумбуру,Тумбуру,UNVERIFIED,presence-only coverage check needs the IDML index-story text extract; see coverage.py scope note
Именной,670,I,Удавасу,Удавасу,UNVERIFIED,presence-only coverage check needs the IDML index-story text extract; see coverage.py scope note
Именной,671,I,Ума,Ума,UNVERIFIED,presence-only coverage check needs the IDML index-story text extract; see coverage.py scope note
Именной,672,I,Ума\дочь Химавата,дочь Химавата,UNVERIFIED,presence-only coverage check needs the IDML index-story text extract; see coverage.py scope note
Именной,673,I,Ума\жена Шивы,жена Шивы,UNVERIFIED,presence-only coverage check needs the IDML index-story text extract; see coverage.py scope note
Именной,674,I,Ума\Парвати,Парвати,UNVERIFIED,presence-only coverage check needs the IDML index-story text extract; see coverage.py scope note
Именной,675,I,Упасунда,Упасунда,UNVERIFIED,presence-only coverage check needs the IDML index-story text extract; see coverage.py scope note
Именной,676,I,Урмила,Урмила,UNVERIFIED,presence-only coverage check needs the IDML index-story text extract; see coverage.py scope note
Именной,677,I,Урмила,Урмила,UNVERIFIED,presence-only coverage check needs the IDML index-story text extract; see coverage.py scope note
Именной,678,I,Урмила\сестра Ситы,сестра Ситы,UNVERIFIED,presence-only coverage check needs the IDML index-story text extract; see coverage.py scope note
Именной,679,I,Уччайхшравас,Уччайхшравас,UNVERIFIED,presence-only coverage check needs the IDML index-story text extract; see coverage.py scope note
Именной,680,I,Уччайхшравас\конь Индры,конь Индры,UNVERIFIED,presence-only coverage check needs the IDML index-story text extract; see coverage.py scope note
Именной,681,I,Хавишпанда,Хавишпанда,UNVERIFIED,presence-only coverage check needs the IDML index-story text extract; see coverage.py scope note
Именной,682,I,Хануман,Хануман,UNVERIFIED,presence-only coverage check needs the IDML index-story text extract; see coverage.py scope note
Именной,683,I,Хануман\сын Ваю,сын Ваю,UNVERIFIED,presence-only coverage check needs the IDML index-story text extract; see coverage.py scope note
Именной,684,I,Хануман\сын Маруты,сын Маруты,UNVERIFIED,presence-only coverage check needs the IDML index-story text extract; see coverage.py scope note
Именной,685,I,Харишчандра,Харишчандра,UNVERIFIED,presence-only coverage check needs the IDML index-story text extract; see coverage.py scope note
Именной,686,I,Харьяшва,Харьяшва,UNVERIFIED,presence-only coverage check needs the IDML index-story text extract; see coverage.py scope note
Именной,687,I,Хаха,Хаха,UNVERIFIED,presence-only coverage check needs the IDML index-story text extract; see coverage.py scope note
Именной,688,I,Хема,Хема,UNVERIFIED,presence-only coverage check needs the IDML index-story text extract; see coverage.py scope note
Именной,689,I,Хемачандра,Хемачандра,UNVERIFIED,presence-only coverage check needs the IDML index-story text extract; see coverage.py scope note
Именной,690,I,Хемачандра\сын Вишалы,сын Вишалы,UNVERIFIED,presence-only coverage check needs the IDML index-story text extract; see coverage.py scope note
Именной,691,I,Химават,Химават,UNVERIFIED,presence-only coverage check needs the IDML index-story text extract; see coverage.py scope note
Именной,692,I,Химават\Царь гор,Царь гор,UNVERIFIED,presence-only coverage check needs the IDML index-story text extract; see coverage.py scope note
Именной,693,I,Храсвароман,Храсвароман,UNVERIFIED,presence-only coverage check needs the IDML index-story text extract; see coverage.py scope note
Именной,694,I,Хуху,Хуху,UNVERIFIED,presence-only coverage check needs the IDML index-story text extract; see coverage.py scope note
Именной,695,I,"Чандра, или Луна, или Месяц",Чандра,UNVERIFIED,presence-only coverage check needs the IDML index-story text extract; see coverage.py scope note
Именной,696,I,"Чандра, или Луна, или Месяц\шашанка",шашанка,UNVERIFIED,presence-only coverage check needs the IDML index-story text extract; see coverage.py scope note
Именной,697,I,Читраратха,Читраратха,UNVERIFIED,presence-only coverage check needs the IDML index-story text extract; see coverage.py scope note
Именной,698,I,Читраратха,Читраратха,UNVERIFIED,presence-only coverage check needs the IDML index-story text extract; see coverage.py scope note
Именной,699,I,Чулин,Чулин,UNVERIFIED,presence-only coverage check needs the IDML index-story text extract; see coverage.py scope note
Именной,700,I,Чьявана,Чьявана,UNVERIFIED,presence-only coverage check needs the IDML index-story text extract; see coverage.py scope note
Именной,701,I,Чьявана\великий риши,великий риши,UNVERIFIED,presence-only coverage check needs the IDML index-story text extract; see coverage.py scope note
Именной,702,I,Чьявана\потомок Бхригу,потомок Бхригу,UNVERIFIED,presence-only coverage check needs the IDML index-story text extract; see coverage.py scope note
Именной,703,I,Чьявана\сын Бхригу,сын Бхригу,UNVERIFIED,presence-only coverage check needs the IDML index-story text extract; see coverage.py scope note
Именной,704,I,Шабари,Шабари,UNVERIFIED,presence-only coverage check needs the IDML index-story text extract; see coverage.py scope note
Именной,705,I,Шакунтала,Шакунтала,UNVERIFIED,presence-only coverage check needs the IDML index-story text extract; see coverage.py scope note
Именной,706,I,Шамбара,Шамбара,UNVERIFIED,presence-only coverage check needs the IDML index-story text extract; see coverage.py scope note
Именной,707,I,Шамбара\враг Индры,враг Индры,UNVERIFIED,presence-only coverage check needs the IDML index-story text extract; see coverage.py scope note
Именной,708,I,Шанкхана,Шанкхана,UNVERIFIED,presence-only coverage check needs the IDML index-story text extract; see coverage.py scope note
Именной,709,I,Шанта,Шанта,UNVERIFIED,presence-only coverage check needs the IDML index-story text extract; see coverage.py scope note
Именной,710,I,Шанта\дочь Дашаратхи,дочь Дашаратхи,UNVERIFIED,presence-only coverage check needs the IDML index-story text extract; see coverage.py scope note
Именной,711,I,Шанта\дочь Ромапады,дочь Ромапады,UNVERIFIED,presence-only coverage check needs the IDML index-story text extract; see coverage.py scope note
Именной,712,I,Шантри,Шантри,UNVERIFIED,presence-only coverage check needs the IDML index-story text extract; see coverage.py scope note
Именной,713,I,Шарабха,Шарабха,UNVERIFIED,presence-only coverage check needs the IDML index-story text extract; see coverage.py scope note
Именной,714,I,Шарабханга,Шарабханга,UNVERIFIED,presence-only coverage check needs the IDML index-story text extract; see coverage.py scope note
Именной,715,I,Шатананда,Шатананда,UNVERIFIED,presence-only coverage check needs the IDML index-story text extract; see coverage.py scope note
Именной,716,I,Шатананда\сын Гаутамы,сын Гаутамы,UNVERIFIED,presence-only coverage check needs the IDML index-story text extract; see coverage.py scope note
Именной,717,I,Шатругхна,Шатругхна,UNVERIFIED,presence-only coverage check needs the IDML index-story text extract; see coverage.py scope note
Именной,718,I,Шатругхна\брат Рамы,брат Рамы,UNVERIFIED,presence-only coverage check needs the IDML index-story text extract; see coverage.py scope note
Именной,719,I,Шатругхна\всегда побеждающий недругов,всегда побеждающий недругов,UNVERIFIED,presence-only coverage check needs the IDML index-story text extract; see coverage.py scope note
Именной,720,I,Шатругхна\младший брат Лакшманы,младший брат Лакшманы,UNVERIFIED,presence-only coverage check needs the IDML index-story text extract; see coverage.py scope note
Именной,721,I,Шатругхна\сын Сумитры,сын Сумитры,UNVERIFIED,presence-only coverage check needs the IDML index-story text extract; see coverage.py scope note
Именной,722,I,Шатрунджая,Шатрунджая,UNVERIFIED,presence-only coverage check needs the IDML index-story text extract; see coverage.py scope note
Именной,723,I,Шачи,Шачи,UNVERIFIED,presence-only coverage check needs the IDML index-story text extract; see coverage.py scope note
Именной,724,I,Шашабинду,Шашабинду,UNVERIFIED,presence-only coverage check needs the IDML index-story text extract; see coverage.py scope note
Именной,725,I,Шеша,Шеша,UNVERIFIED,presence-only coverage check needs the IDML index-story text extract; see coverage.py scope note
Именной,726,I,Шиби,Шиби,UNVERIFIED,presence-only coverage check needs the IDML index-story text extract; see coverage.py scope note
Именной,727,I,Шива,Шива,UNVERIFIED,presence-only coverage check needs the IDML index-story text extract; see coverage.py scope note
Именной,728,I,Шива\Благой,Благой,UNVERIFIED,presence-only coverage check needs the IDML index-story text extract; see coverage.py scope note
Именной,729,I,Шива\Бог богов,Бог богов,UNVERIFIED,presence-only coverage check needs the IDML index-story text extract; see coverage.py scope note
Именной,730,I,Шива\Бхава,Бхава,UNVERIFIED,presence-only coverage check needs the IDML index-story text extract; see coverage.py scope note
Именной,731,I,Шива\Бхима,Бхима,UNVERIFIED,presence-only coverage check needs the IDML index-story text extract; see coverage.py scope note
Именной,732,I,Шива\Вечный,Вечный,UNVERIFIED,presence-only coverage check needs the IDML index-story text extract; see coverage.py scope note
Именной,733,I,Шива\владыка богов,владыка богов,UNVERIFIED,presence-only coverage check needs the IDML index-story text extract; see coverage.py scope note
Именной,734,I,Шива\владыка миров,владыка миров,UNVERIFIED,presence-only coverage check needs the IDML index-story text extract; see coverage.py scope note
Именной,735,I,Шива\губитель Трипуры,губитель Трипуры,UNVERIFIED,presence-only coverage check needs the IDML index-story text extract; see coverage.py scope note
Именной,736,I,Шива\держатель трезубца,держатель трезубца,UNVERIFIED,presence-only coverage check needs the IDML index-story text extract; see coverage.py scope note
Именной,737,I,Шива\Махадева,Махадева,UNVERIFIED,presence-only coverage check needs the IDML index-story text extract; see coverage.py scope note
Именной,738,I,Шива\Махешвара,Махешвара,UNVERIFIED,presence-only coverage check needs the IDML index-story text extract; see coverage.py scope note
Именной,739,I,Шива\Пашупати,Пашупати,UNVERIFIED,presence-only coverage check needs the IDML index-story text extract; see coverage.py scope note
Именной,740,I,Шива\Рудра,Рудра,UNVERIFIED,presence-only coverage check needs the IDML index-story text extract; see coverage.py scope note
Именной,741,I,Шива\с быком на знамени,с быком на знамени,UNVERIFIED,presence-only coverage check needs the IDML index-story text extract; see coverage.py scope note
Именной,742,I,Шива\супруг Умы,супруг Умы,UNVERIFIED,presence-only coverage check needs the IDML index-story text extract; see coverage.py scope note
Именной,743,I,"Шива\Темношеий, или ""с темной шеей""",Темношеий,UNVERIFIED,presence-only coverage check needs the IDML index-story text extract; see coverage.py scope note
Именной,744,I,Шива\Трехглазый,Трехглазый,UNVERIFIED,presence-only coverage check needs the IDML index-story text extract; see coverage.py scope note
Именной,745,I,Шива\Хара,Хара,UNVERIFIED,presence-only coverage check needs the IDML index-story text extract; see coverage.py scope note
Именной,746,I,Шива\Шанкара,Шанкара,UNVERIFIED,presence-only coverage check needs the IDML index-story text extract; see coverage.py scope note
Именной,747,I,Шигхрага,Шигхрага,UNVERIFIED,presence-only coverage check needs the IDML index-story text extract; see coverage.py scope note
Именной,748,I,Шигхрага\сын Агниварны,сын Агниварны,UNVERIFIED,presence-only coverage check needs the IDML index-story text extract; see coverage.py scope note
Именной,749,I,Шри,Шри,UNVERIFIED,presence-only coverage check needs the IDML index-story text extract; see coverage.py scope note
Именной,750,I,Шри\Восседающая на лотосе,Восседающая на лотосе,UNVERIFIED,presence-only coverage check needs the IDML index-story text extract; see coverage.py scope note
Именной,751,I,Шри\жена Вишну,жена Вишну,UNVERIFIED,presence-only coverage check needs the IDML index-story text extract; see coverage.py scope note
Именной,752,I,Шри\Лакшми,Лакшми,UNVERIFIED,presence-only coverage check needs the IDML index-story text extract; see coverage.py scope note
Именной,753,I,Шрутакирти,Шрутакирти,UNVERIFIED,presence-only coverage check needs the IDML index-story text extract; see coverage.py scope note
Именной,754,I,Шунака,Шунака,UNVERIFIED,presence-only coverage check needs the IDML index-story text extract; see coverage.py scope note
Именной,755,I,Шунахшепа,Шунахшепа,UNVERIFIED,presence-only coverage check needs the IDML index-story text extract; see coverage.py scope note
Именной,756,I,Шурпанакха,Шурпанакха,UNVERIFIED,presence-only coverage check needs the IDML index-story text extract; see coverage.py scope note
Именной,757,I,Шурпанакха\сестра Раваны,сестра Раваны,UNVERIFIED,presence-only coverage check needs the IDML index-story text extract; see coverage.py scope note
Именной,758,I,Шьяма,Шьяма,UNVERIFIED,presence-only coverage check needs the IDML index-story text extract; see coverage.py scope note
Именной,759,I,Юванашва,Юванашва,UNVERIFIED,presence-only coverage check needs the IDML index-story text extract; see coverage.py scope note
Именной,760,I,Юванашва\сын Дхундхумары,сын Дхундхумары,UNVERIFIED,presence-only coverage check needs the IDML index-story text extract; see coverage.py scope note
Именной,761,I,Юдхаджит,Юдхаджит,UNVERIFIED,presence-only coverage check needs the IDML index-story text extract; see coverage.py scope note
Именной,762,I,Юдхаджит\брат матери Бхараты,брат матери Бхараты,UNVERIFIED,presence-only coverage check needs the IDML index-story text extract; see coverage.py scope note
Именной,763,I,Юдхаджит\дядя Бхараты,дядя Бхараты,UNVERIFIED,presence-only coverage check needs the IDML index-story text extract; see coverage.py scope note
Именной,764,I,Юдхаджит\сын царя (государя) Кекаи,сын царя (государя) Кекаи,UNVERIFIED,presence-only coverage check needs the IDML index-story text extract; see coverage.py scope note
Именной,765,I,Юдхаджит,Юдхаджит,UNVERIFIED,presence-only coverage check needs the IDML index-story text extract; see coverage.py scope note
Именной,766,I,Яду,Яду,UNVERIFIED,presence-only coverage check needs the IDML index-story text extract; see coverage.py scope note
Именной,767,I,Яма,Яма,UNVERIFIED,presence-only coverage check needs the IDML index-story text extract; see coverage.py scope note
Именной,768,I,Яма\Антака,Антака,UNVERIFIED,presence-only coverage check needs the IDML index-story text extract; see coverage.py scope note
Именной,769,I,Яма\бог смерти,бог смерти,UNVERIFIED,presence-only coverage check needs the IDML index-story text extract; see coverage.py scope note
Именной,770,I,Яма\Дхармараджа,Дхармараджа,UNVERIFIED,presence-only coverage check needs the IDML index-story text extract; see coverage.py scope note
Именной,771,I,Яма\Кала,Кала,UNVERIFIED,presence-only coverage check needs the IDML index-story text extract; see coverage.py scope note
Именной,772,I,Яма\сын Вивасвата,сын Вивасвата,UNVERIFIED,presence-only coverage check needs the IDML index-story text extract; see coverage.py scope note
Именной,773,I,Ямуна,Ямуна,UNVERIFIED,presence-only coverage check needs the IDML index-story text extract; see coverage.py scope note
Именной,774,I,Ямуна\дочь Солнца,дочь Солнца,UNVERIFIED,presence-only coverage check needs the IDML index-story text extract; see coverage.py scope note
Именной,775,I,Ямуна\сестра Ямы,сестра Ямы,UNVERIFIED,presence-only coverage check needs the IDML index-story text extract; see coverage.py scope note
Именной,776,I,Яяти,Яяти,UNVERIFIED,presence-only coverage check needs the IDML index-story text extract; see coverage.py scope note
Именной,777,I,Яяти\сын Нахуши,сын Нахуши,UNVERIFIED,presence-only coverage check needs the IDML index-story text extract; see coverage.py scope note
Именной,778,I,сыновья (сыны) Арджуны Картавирьи,сыновья (сыны) Арджуны Картавирьи,UNVERIFIED,presence-only coverage check needs the IDML index-story text extract; see coverage.py scope note
Именной,779,I,сыновья (сыны) Вишвамитры,сыновья (сыны) Вишвамитры,UNVERIFIED,presence-only coverage check needs the IDML index-story text extract; see coverage.py scope note
Именной,780,I,сыновья (сыны) Дашаратхи,сыновья (сыны) Дашаратхи,UNVERIFIED,presence-only coverage check needs the IDML index-story text extract; see coverage.py scope note
Именной,781,I,сыновья (сыны) Сагары,сыновья (сыны) Сагары,UNVERIFIED,presence-only coverage check needs the IDML index-story text extract; see coverage.py scope note
Именной,782,I,"сыновья (сыны) Васиштхи, или сто сыновей Васиштхи",сыновья (сыны) Васиштхи,UNVERIFIED,presence-only coverage check needs the IDML index-story text extract; see coverage.py scope note
Именной,783,I,"сыновья (сыны) Вишвамитры, или сто сыновей Вишвамитры",сыновья (сыны) Вишвамитры,UNVERIFIED,presence-only coverage check needs the IDML index-story text extract; see coverage.py scope note
Географ,2,I,Абхикала,Абхикала,UNVERIFIED,presence-only coverage check needs the IDML index-story text extract; see coverage.py scope note
Географ,3,I,Агнея,Агнея,UNVERIFIED,presence-only coverage check needs the IDML index-story text extract; see coverage.py scope note
Географ,4,I,Айладхана,Айладхана,UNVERIFIED,presence-only coverage check needs the IDML index-story text extract; see coverage.py scope note
Географ,5,I,Айодхья,Айодхья,UNVERIFIED,presence-only coverage check needs the IDML index-story text extract; see coverage.py scope note
Географ,6,I,Айодхья\Необоримый [город],Необоримый [город],UNVERIFIED,presence-only coverage check needs the IDML index-story text extract; see coverage.py scope note
Географ,7,I,Акурвати,Акурвати,UNVERIFIED,presence-only coverage check needs the IDML index-story text extract; see coverage.py scope note
Географ,8,I,Амаравати,Амаравати,UNVERIFIED,presence-only coverage check needs the IDML index-story text extract; see coverage.py scope note
Географ,9,I,Амаравати\город Индры,город Индры,UNVERIFIED,presence-only coverage check needs the IDML index-story text extract; see coverage.py scope note
Географ,10,I,Анга,Анга,UNVERIFIED,presence-only coverage check needs the IDML index-story text extract; see coverage.py scope note
Географ,11,I,анги,анги,UNVERIFIED,presence-only coverage check needs the IDML index-story text extract; see coverage.py scope note
Географ,12,I,Аншудхана,Аншудхана,UNVERIFIED,presence-only coverage check needs the IDML index-story text extract; see coverage.py scope note
Географ,13,I,Апарапарватa,Апарапарватa,UNVERIFIED,presence-only coverage check needs the IDML index-story text extract; see coverage.py scope note
Географ,14,I,Апаратала,Апаратала,UNVERIFIED,presence-only coverage check needs the IDML index-story text extract; see coverage.py scope note
Географ,15,I,Бахлика,Бахлика,UNVERIFIED,presence-only coverage check needs the IDML index-story text extract; see coverage.py scope note
Географ,16,I,Бенгал (Бенгалия),Бенгал (Бенгалия),UNVERIFIED,presence-only coverage check needs the IDML index-story text extract; see coverage.py scope note
Географ,17,I,Биас (древн. Випаша),Биас (древн. Випаша),UNVERIFIED,presence-only coverage check needs the IDML index-story text extract; see coverage.py scope note
Географ,18,I,Бинду,Бинду,UNVERIFIED,presence-only coverage check needs the IDML index-story text extract; see coverage.py scope note
Географ,19,I,Бхаратаварша,Бхаратаварша,UNVERIFIED,presence-only coverage check needs the IDML index-story text extract; see coverage.py scope note
Географ,20,I,Бхарунда,Бхарунда,UNVERIFIED,presence-only coverage check needs the IDML index-story text extract; see coverage.py scope note
Географ,21,I,Бхогавати,Бхогавати,UNVERIFIED,presence-only coverage check needs the IDML index-story text extract; see coverage.py scope note
Географ,22,I,Бходжи,Бходжи,UNVERIFIED,presence-only coverage check needs the IDML index-story text extract; see coverage.py scope note
Географ,23,I,Бхригупрасавана,Бхригупрасавана,UNVERIFIED,presence-only coverage check needs the IDML index-story text extract; see coverage.py scope note
Географ,24,I,Бхригупрасравана,Бхригупрасравана,UNVERIFIED,presence-only coverage check needs the IDML index-story text extract; see coverage.py scope note
Географ,25,I,Бхригутунга,Бхригутунга,UNVERIFIED,presence-only coverage check needs the IDML index-story text extract; see coverage.py scope note
Географ,26,I,Вайджаянта,Вайджаянта,UNVERIFIED,presence-only coverage check needs the IDML index-story text extract; see coverage.py scope note
Географ,27,I,Вайкунтха,Вайкунтха,UNVERIFIED,presence-only coverage check needs the IDML index-story text extract; see coverage.py scope note
Географ,28,I,Ванаю,Ванаю,UNVERIFIED,presence-only coverage check needs the IDML index-story text extract; see coverage.py scope note
Географ,29,I,Ванга,Ванга,UNVERIFIED,presence-only coverage check needs the IDML index-story text extract; see coverage.py scope note
Географ,30,I,Варутха,Варутха,UNVERIFIED,presence-only coverage check needs the IDML index-story text extract; see coverage.py scope note
Географ,31,I,Васваукасара,Васваукасара,UNVERIFIED,presence-only coverage check needs the IDML index-story text extract; see coverage.py scope note
Географ,32,I,Васумати,Васумати,UNVERIFIED,presence-only coverage check needs the IDML index-story text extract; see coverage.py scope note
Географ,33,I,Ватса,Ватса,UNVERIFIED,presence-only coverage check needs the IDML index-story text extract; see coverage.py scope note
Географ,34,I,Ведашрути,Ведашрути,UNVERIFIED,presence-only coverage check needs the IDML index-story text extract; see coverage.py scope note
Географ,35,I,Видарбха,Видарбха,UNVERIFIED,presence-only coverage check needs the IDML index-story text extract; see coverage.py scope note
Географ,36,I,Видеха,Видеха,UNVERIFIED,presence-only coverage check needs the IDML index-story text extract; see coverage.py scope note
Географ,37,I,Виндхья,Виндхья,UNVERIFIED,presence-only coverage check needs the IDML index-story text extract; see coverage.py scope note
Географ,38,I,Випаша,Випаша,UNVERIFIED,presence-only coverage check needs the IDML index-story text extract; see coverage.py scope note
Географ,39,I,Вираматсья,Вираматсья,UNVERIFIED,presence-only coverage check needs the IDML index-story text extract; see coverage.py scope note
Географ,40,I,Вишала,Вишала,UNVERIFIED,presence-only coverage check needs the IDML index-story text extract; see coverage.py scope note
Географ,41,I,Вишала,Вишала,UNVERIFIED,presence-only coverage check needs the IDML index-story text extract; see coverage.py scope note
Географ,42,I,Вишнупада,Вишнупада,UNVERIFIED,presence-only coverage check needs the IDML index-story text extract; see coverage.py scope note
Географ,43,I,"Ганга, Ганг","Ганга, Ганг",UNVERIFIED,presence-only coverage check needs the IDML index-story text extract; see coverage.py scope note
Географ,44,I,Гандхамадана,Гандхамадана,UNVERIFIED,presence-only coverage check needs the IDML index-story text extract; see coverage.py scope note
Географ,45,I,Гандхара,Гандхара,UNVERIFIED,presence-only coverage check needs the IDML index-story text extract; see coverage.py scope note
Географ,46,I,Гая,Гая,UNVERIFIED,presence-only coverage check needs the IDML index-story text extract; see coverage.py scope note
Географ,47,I,Гималаи,Гималаи,UNVERIFIED,presence-only coverage check needs the IDML index-story text extract; see coverage.py scope note
Географ,48,I,Гиривраджа,Гиривраджа,UNVERIFIED,presence-only coverage check needs the IDML index-story text extract; see coverage.py scope note
Географ,49,I,Гокарна,Гокарна,UNVERIFIED,presence-only coverage check needs the IDML index-story text extract; see coverage.py scope note
Географ,50,I,Гомати,Гомати,UNVERIFIED,presence-only coverage check needs the IDML index-story text extract; see coverage.py scope note
Географ,51,I,Грихи,Грихи,UNVERIFIED,presence-only coverage check needs the IDML index-story text extract; see coverage.py scope note
Географ,52,I,Дакшинапатха (Южная область; совр. Декан),Дакшинапатха (Южная область; совр. Декан),UNVERIFIED,presence-only coverage check needs the IDML index-story text extract; see coverage.py scope note
Географ,53,I,Дандака,Дандака,UNVERIFIED,presence-only coverage check needs the IDML index-story text extract; see coverage.py scope note
Географ,54,I,Дардура,Дардура,UNVERIFIED,presence-only coverage check needs the IDML index-story text extract; see coverage.py scope note
Географ,55,I,Джамбудвипа,Джамбудвипа,UNVERIFIED,presence-only coverage check needs the IDML index-story text extract; see coverage.py scope note
Географ,56,I,Джамбупрастха,Джамбупрастха,UNVERIFIED,presence-only coverage check needs the IDML index-story text extract; see coverage.py scope note
Географ,57,I,"Джамна, или Ямуна",Джамна,UNVERIFIED,presence-only coverage check needs the IDML index-story text extract; see coverage.py scope note
Географ,58,I,Джанастхана,Джанастхана,UNVERIFIED,presence-only coverage check needs the IDML index-story text extract; see coverage.py scope note
Географ,59,I,Дравида,Дравида,UNVERIFIED,presence-only coverage check needs the IDML index-story text extract; see coverage.py scope note
Географ,60,I,Дхармавардхана,Дхармавардхана,UNVERIFIED,presence-only coverage check needs the IDML index-story text extract; see coverage.py scope note
Географ,61,I,Дхармавартана,Дхармавартана,UNVERIFIED,presence-only coverage check needs the IDML index-story text extract; see coverage.py scope note
Географ,62,I,Дхармаранья,Дхармаранья,UNVERIFIED,presence-only coverage check needs the IDML index-story text extract; see coverage.py scope note
Географ,63,I,Икшумати,Икшумати,UNVERIFIED,presence-only coverage check needs the IDML index-story text extract; see coverage.py scope note
Географ,64,I,Индия,Индия,UNVERIFIED,presence-only coverage check needs the IDML index-story text extract; see coverage.py scope note
Географ,65,I,Индрашира,Индрашира,UNVERIFIED,presence-only coverage check needs the IDML index-story text extract; see coverage.py scope note
Географ,66,I,Индракила,Индракила,UNVERIFIED,presence-only coverage check needs the IDML index-story text extract; see coverage.py scope note
Географ,67,I,Ионийцы (греки),Ионийцы (греки),UNVERIFIED,presence-only coverage check needs the IDML index-story text extract; see coverage.py scope note
Географ,68,I,Иравата,Иравата,UNVERIFIED,presence-only coverage check needs the IDML index-story text extract; see coverage.py scope note
Географ,69,I,Кайласа,Кайласа,UNVERIFIED,presence-only coverage check needs the IDML index-story text extract; see coverage.py scope note
Географ,70,I,Калинганагара,Калинганагара,UNVERIFIED,presence-only coverage check needs the IDML index-story text extract; see coverage.py scope note
Географ,71,I,Калинги,Калинги,UNVERIFIED,presence-only coverage check needs the IDML index-story text extract; see coverage.py scope note
Географ,72,I,Калинди,Калинди,UNVERIFIED,presence-only coverage check needs the IDML index-story text extract; see coverage.py scope note
Географ,73,I,Камбоджа,Камбоджа,UNVERIFIED,presence-only coverage check needs the IDML index-story text extract; see coverage.py scope note
Географ,74,I,камбоджи,камбоджи,UNVERIFIED,presence-only coverage check needs the IDML index-story text extract; see coverage.py scope note
Географ,75,I,Кампилья,Кампилья,UNVERIFIED,presence-only coverage check needs the IDML index-story text extract; see coverage.py scope note
Географ,76,I,Капивати,Капивати,UNVERIFIED,presence-only coverage check needs the IDML index-story text extract; see coverage.py scope note
Географ,77,I,Карманаса,Карманаса,UNVERIFIED,presence-only coverage check needs the IDML index-story text extract; see coverage.py scope note
Географ,78,I,Каруша,Каруша,UNVERIFIED,presence-only coverage check needs the IDML index-story text extract; see coverage.py scope note
Географ,79,I,кауравы,кауравы,UNVERIFIED,presence-only coverage check needs the IDML index-story text extract; see coverage.py scope note
Географ,80,I,Каушамби,Каушамби,UNVERIFIED,presence-only coverage check needs the IDML index-story text extract; see coverage.py scope note
Географ,81,I,Каушики,Каушики,UNVERIFIED,presence-only coverage check needs the IDML index-story text extract; see coverage.py scope note
Географ,82,I,Каши,Каши,UNVERIFIED,presence-only coverage check needs the IDML index-story text extract; see coverage.py scope note
Географ,83,I,Кашмир,Кашмир,UNVERIFIED,presence-only coverage check needs the IDML index-story text extract; see coverage.py scope note
Географ,84,I,кекаи,кекаи,UNVERIFIED,presence-only coverage check needs the IDML index-story text extract; see coverage.py scope note
Географ,85,I,Кекая,Кекая,UNVERIFIED,presence-only coverage check needs the IDML index-story text extract; see coverage.py scope note
Географ,86,I,кираты,кираты,UNVERIFIED,presence-only coverage check needs the IDML index-story text extract; see coverage.py scope note
Географ,87,I,Кишкиндха,Кишкиндха,UNVERIFIED,presence-only coverage check needs the IDML index-story text extract; see coverage.py scope note
Географ,88,I,"Косала, или Кошала",Косала,UNVERIFIED,presence-only coverage check needs the IDML index-story text extract; see coverage.py scope note
Географ,89,I,Кулинга,Кулинга,UNVERIFIED,presence-only coverage check needs the IDML index-story text extract; see coverage.py scope note
Географ,90,I,Куру,Куру,UNVERIFIED,presence-only coverage check needs the IDML index-story text extract; see coverage.py scope note
Географ,91,I,Куруджагала,Куруджагала,UNVERIFIED,presence-only coverage check needs the IDML index-story text extract; see coverage.py scope note
Географ,92,I,Куруджангала,Куруджангала,UNVERIFIED,presence-only coverage check needs the IDML index-story text extract; see coverage.py scope note
Географ,93,I,Кутика,Кутика,UNVERIFIED,presence-only coverage check needs the IDML index-story text extract; see coverage.py scope note
Географ,94,I,Кутикоштика,Кутикоштика,UNVERIFIED,presence-only coverage check needs the IDML index-story text extract; see coverage.py scope note
Географ,95,I,Кушаплава,Кушаплава,UNVERIFIED,presence-only coverage check needs the IDML index-story text extract; see coverage.py scope note
Географ,96,I,"Ланка (совр. Шри-Ланка, Цейлон)","Ланка (совр. Шри-Ланка, Цейлон)",UNVERIFIED,presence-only coverage check needs the IDML index-story text extract; see coverage.py scope note
Географ,97,I,Лохитья,Лохитья,UNVERIFIED,presence-only coverage check needs the IDML index-story text extract; see coverage.py scope note
Географ,98,I,Магадха,Магадха,UNVERIFIED,presence-only coverage check needs the IDML index-story text extract; see coverage.py scope note
Географ,99,I,Магадхи,Магадхи,UNVERIFIED,presence-only coverage check needs the IDML index-story text extract; see coverage.py scope note
Географ,100,I,"Магадхи, или Сумагадхи",Магадхи,UNVERIFIED,presence-only coverage check needs the IDML index-story text extract; see coverage.py scope note
Географ,101,I,Мадрас,Мадрас,UNVERIFIED,presence-only coverage check needs the IDML index-story text extract; see coverage.py scope note
Географ,102,I,Мадхьядеша,Мадхьядеша,UNVERIFIED,presence-only coverage check needs the IDML index-story text extract; see coverage.py scope note
Географ,103,I,Майнака,Майнака,UNVERIFIED,presence-only coverage check needs the IDML index-story text extract; see coverage.py scope note
Географ,104,I,Малада,Малада,UNVERIFIED,presence-only coverage check needs the IDML index-story text extract; see coverage.py scope note
Географ,105,I,Малая,Малая,UNVERIFIED,presence-only coverage check needs the IDML index-story text extract; see coverage.py scope note
Географ,106,I,Мальявати,Мальявати,UNVERIFIED,presence-only coverage check needs the IDML index-story text extract; see coverage.py scope note
Географ,107,I,Манаса,Манаса,UNVERIFIED,presence-only coverage check needs the IDML index-story text extract; see coverage.py scope note
Географ,108,I,Мандакини,Мандакини,UNVERIFIED,presence-only coverage check needs the IDML index-story text extract; see coverage.py scope note
Географ,109,I,Мандара,Мандара,UNVERIFIED,presence-only coverage check needs the IDML index-story text extract; see coverage.py scope note
Географ,110,I,Матсья,Матсья,UNVERIFIED,presence-only coverage check needs the IDML index-story text extract; see coverage.py scope note
Географ,111,I,Махендра,Махендра,UNVERIFIED,presence-only coverage check needs the IDML index-story text extract; see coverage.py scope note
Географ,112,I,Маходая,Маходая,UNVERIFIED,presence-only coverage check needs the IDML index-story text extract; see coverage.py scope note
Географ,113,I,Маходая\Каньякубджа,Каньякубджа,UNVERIFIED,presence-only coverage check needs the IDML index-story text extract; see coverage.py scope note
Географ,114,I,Меру,Меру,UNVERIFIED,presence-only coverage check needs the IDML index-story text extract; see coverage.py scope note
Географ,115,I,Меру\Кедарнатх,Кедарнатх,UNVERIFIED,presence-only coverage check needs the IDML index-story text extract; see coverage.py scope note
Географ,116,I,Митхила,Митхила,UNVERIFIED,presence-only coverage check needs the IDML index-story text extract; see coverage.py scope note
Географ,117,I,Митхила\столица Джанаки,столица Джанаки,UNVERIFIED,presence-only coverage check needs the IDML index-story text extract; see coverage.py scope note
Географ,118,I,"млеччхи, или варвары",млеччхи,UNVERIFIED,presence-only coverage check needs the IDML index-story text extract; see coverage.py scope note
Географ,119,I,мунда,мунда,UNVERIFIED,presence-only coverage check needs the IDML index-story text extract; see coverage.py scope note
Географ,120,I,Налини,Налини,UNVERIFIED,presence-only coverage check needs the IDML index-story text extract; see coverage.py scope note
Географ,121,I,Нандана,Нандана,UNVERIFIED,presence-only coverage check needs the IDML index-story text extract; see coverage.py scope note
Географ,122,I,Нандиграма,Нандиграма,UNVERIFIED,presence-only coverage check needs the IDML index-story text extract; see coverage.py scope note
Географ,123,I,Нармада,Нармада,UNVERIFIED,presence-only coverage check needs the IDML index-story text extract; see coverage.py scope note
Географ,124,I,нишады,нишады,UNVERIFIED,presence-only coverage check needs the IDML index-story text extract; see coverage.py scope note
Географ,125,I,обитель,обитель,UNVERIFIED,presence-only coverage check needs the IDML index-story text extract; see coverage.py scope note
Географ,126,I,обитель\обитель Бхарадваджи,обитель Бхарадваджи,UNVERIFIED,presence-only coverage check needs the IDML index-story text extract; see coverage.py scope note
Географ,127,I,обитель\обитель Бхригу,обитель Бхригу,UNVERIFIED,presence-only coverage check needs the IDML index-story text extract; see coverage.py scope note
Географ,128,I,обитель\обитель Вальмики,обитель Вальмики,UNVERIFIED,presence-only coverage check needs the IDML index-story text extract; see coverage.py scope note
Географ,129,I,обитель\обитель Васиштхи,обитель Васиштхи,UNVERIFIED,presence-only coverage check needs the IDML index-story text extract; see coverage.py scope note
Географ,130,I,обитель\обитель Гаутамы,обитель Гаутамы,UNVERIFIED,presence-only coverage check needs the IDML index-story text extract; see coverage.py scope note
Географ,131,I,обитель\обитель Камы,обитель Камы,UNVERIFIED,presence-only coverage check needs the IDML index-story text extract; see coverage.py scope note
Географ,132,I,обитель\обитель Рамы,обитель Рамы,UNVERIFIED,presence-only coverage check needs the IDML index-story text extract; see coverage.py scope note
Географ,133,I,обитель\обитель Ришьяшринги,обитель Ришьяшринги,UNVERIFIED,presence-only coverage check needs the IDML index-story text extract; see coverage.py scope note
Географ,134,I,обитель\обитель Триджаты,обитель Триджаты,UNVERIFIED,presence-only coverage check needs the IDML index-story text extract; see coverage.py scope note
Географ,135,I,обитель\обитель Шабари,обитель Шабари,UNVERIFIED,presence-only coverage check needs the IDML index-story text extract; see coverage.py scope note
Географ,136,I,обитель\обитель Шивы,обитель Шивы,UNVERIFIED,presence-only coverage check needs the IDML index-story text extract; see coverage.py scope note
Географ,137,I,обитель\обитель Ямы,обитель Ямы,UNVERIFIED,presence-only coverage check needs the IDML index-story text extract; see coverage.py scope note
Географ,138,I,Павани,Павани,UNVERIFIED,presence-only coverage check needs the IDML index-story text extract; see coverage.py scope note
Географ,139,I,Пампа,Пампа,UNVERIFIED,presence-only coverage check needs the IDML index-story text extract; see coverage.py scope note
Географ,140,I,пандавы,пандавы,UNVERIFIED,presence-only coverage check needs the IDML index-story text extract; see coverage.py scope note
Географ,141,I,Панчала,Панчала,UNVERIFIED,presence-only coverage check needs the IDML index-story text extract; see coverage.py scope note
Географ,142,I,Паталипутра,Паталипутра,UNVERIFIED,presence-only coverage check needs the IDML index-story text extract; see coverage.py scope note
Географ,143,I,пахлавы,пахлавы,UNVERIFIED,presence-only coverage check needs the IDML index-story text extract; see coverage.py scope note
Географ,144,I,Пенджаб,Пенджаб,UNVERIFIED,presence-only coverage check needs the IDML index-story text extract; see coverage.py scope note
Географ,145,I,Прагвата,Прагвата,UNVERIFIED,presence-only coverage check needs the IDML index-story text extract; see coverage.py scope note
Географ,146,I,Праламба,Праламба,UNVERIFIED,presence-only coverage check needs the IDML index-story text extract; see coverage.py scope note
Географ,147,I,Прасравана,Прасравана,UNVERIFIED,presence-only coverage check needs the IDML index-story text extract; see coverage.py scope note
Географ,148,I,Праяга,Праяга,UNVERIFIED,presence-only coverage check needs the IDML index-story text extract; see coverage.py scope note
Географ,149,I,Праяга\Аллахабад,Аллахабад,UNVERIFIED,presence-only coverage check needs the IDML index-story text extract; see coverage.py scope note
Географ,150,I,"Пушкары, или Пушкара",Пушкары,UNVERIFIED,presence-only coverage check needs the IDML index-story text extract; see coverage.py scope note
Географ,151,I,Раджагриха,Раджагриха,UNVERIFIED,presence-only coverage check needs the IDML index-story text extract; see coverage.py scope note
Географ,152,I,Раджастхан,Раджастхан,UNVERIFIED,presence-only coverage check needs the IDML index-story text extract; see coverage.py scope note
Географ,153,I,"Рикша, или Рикшават",Рикша,UNVERIFIED,presence-only coverage check needs the IDML index-story text extract; see coverage.py scope note
Географ,154,I,Ришьямука,Ришьямука,UNVERIFIED,presence-only coverage check needs the IDML index-story text extract; see coverage.py scope note
Географ,155,I,Санкашья,Санкашья,UNVERIFIED,presence-only coverage check needs the IDML index-story text extract; see coverage.py scope note
Географ,156,I,Сарасвати,Сарасвати,UNVERIFIED,presence-only coverage check needs the IDML index-story text extract; see coverage.py scope note
Географ,157,I,Сараю,Сараю,UNVERIFIED,presence-only coverage check needs the IDML index-story text extract; see coverage.py scope note
Географ,158,I,Сарватиртха,Сарватиртха,UNVERIFIED,presence-only coverage check needs the IDML index-story text extract; see coverage.py scope note
Географ,159,I,Саувира,Саувира,UNVERIFIED,presence-only coverage check needs the IDML index-story text extract; see coverage.py scope note
Географ,160,I,Саугандхика,Саугандхика,UNVERIFIED,presence-only coverage check needs the IDML index-story text extract; see coverage.py scope note
Географ,161,I,Саураштра,Саураштра,UNVERIFIED,presence-only coverage check needs the IDML index-story text extract; see coverage.py scope note
Географ,162,I,Северная гора,Северная гора,UNVERIFIED,presence-only coverage check needs the IDML index-story text extract; see coverage.py scope note
Географ,163,I,Сиддхашрама,Сиддхашрама,UNVERIFIED,presence-only coverage check needs the IDML index-story text extract; see coverage.py scope note
Географ,164,I,Синдху,Синдху,UNVERIFIED,presence-only coverage check needs the IDML index-story text extract; see coverage.py scope note
Географ,165,I,Сита,Сита,UNVERIFIED,presence-only coverage check needs the IDML index-story text extract; see coverage.py scope note
Географ,166,I,Стханумати,Стханумати,UNVERIFIED,presence-only coverage check needs the IDML index-story text extract; see coverage.py scope note
Географ,167,I,Судама,Судама,UNVERIFIED,presence-only coverage check needs the IDML index-story text extract; see coverage.py scope note
Географ,168,I,Судаман,Судаман,UNVERIFIED,presence-only coverage check needs the IDML index-story text extract; see coverage.py scope note
Географ,169,I,Судхарма,Судхарма,UNVERIFIED,presence-only coverage check needs the IDML index-story text extract; see coverage.py scope note
Географ,170,I,Сумагадхи,Сумагадхи,UNVERIFIED,presence-only coverage check needs the IDML index-story text extract; see coverage.py scope note
Географ,171,I,Сучакшу,Сучакшу,UNVERIFIED,presence-only coverage check needs the IDML index-story text extract; see coverage.py scope note
Географ,172,I,Сьядика,Сьядика,UNVERIFIED,presence-only coverage check needs the IDML index-story text extract; see coverage.py scope note
Географ,173,I,Сьяндика,Сьяндика,UNVERIFIED,presence-only coverage check needs the IDML index-story text extract; see coverage.py scope note
Географ,174,I,Тамаса,Тамаса,UNVERIFIED,presence-only coverage check needs the IDML index-story text extract; see coverage.py scope note
Географ,175,I,Тапована,Тапована,UNVERIFIED,presence-only coverage check needs the IDML index-story text extract; see coverage.py scope note
Географ,176,I,Теджобхибхавана,Теджобхибхавана,UNVERIFIED,presence-only coverage check needs the IDML index-story text extract; see coverage.py scope note
Географ,177,I,Торана,Торана,UNVERIFIED,presence-only coverage check needs the IDML index-story text extract; see coverage.py scope note
Географ,178,I,"Трипура, или тройной город",Трипура,UNVERIFIED,presence-only coverage check needs the IDML index-story text extract; see coverage.py scope note
Географ,179,I,Удджихана,Удджихана,UNVERIFIED,presence-only coverage check needs the IDML index-story text extract; see coverage.py scope note
Географ,180,I,Уттарага,Уттарага,UNVERIFIED,presence-only coverage check needs the IDML index-story text extract; see coverage.py scope note
Географ,181,I,Уттара-куру,Уттара-куру,UNVERIFIED,presence-only coverage check needs the IDML index-story text extract; see coverage.py scope note
Географ,182,I,хайхаи,хайхаи,UNVERIFIED,presence-only coverage check needs the IDML index-story text extract; see coverage.py scope note
Географ,183,I,хариты,хариты,UNVERIFIED,presence-only coverage check needs the IDML index-story text extract; see coverage.py scope note
Географ,184,I,Хастинапура,Хастинапура,UNVERIFIED,presence-only coverage check needs the IDML index-story text extract; see coverage.py scope note
Географ,185,I,Хастиприштака,Хастиприштака,UNVERIFIED,presence-only coverage check needs the IDML index-story text extract; see coverage.py scope note
Географ,186,I,Хладини,Хладини,UNVERIFIED,presence-only coverage check needs the IDML index-story text extract; see coverage.py scope note
Географ,187,I,Чайтраратха,Чайтраратха,UNVERIFIED,presence-only coverage check needs the IDML index-story text extract; see coverage.py scope note
Географ,188,I,Читракута,Читракута,UNVERIFIED,presence-only coverage check needs the IDML index-story text extract; see coverage.py scope note
Географ,189,I,шаки,шаки,UNVERIFIED,presence-only coverage check needs the IDML index-story text extract; see coverage.py scope note
Географ,190,I,Шалмали,Шалмали,UNVERIFIED,presence-only coverage check needs the IDML index-story text extract; see coverage.py scope note
Географ,191,I,Шальякаршана,Шальякаршана,UNVERIFIED,presence-only coverage check needs the IDML index-story text extract; see coverage.py scope note
Географ,192,I,Шараданда,Шараданда,UNVERIFIED,presence-only coverage check needs the IDML index-story text extract; see coverage.py scope note
Географ,193,I,Шатадру,Шатадру,UNVERIFIED,presence-only coverage check needs the IDML index-story text extract; see coverage.py scope note
Географ,194,I,Шила,Шила,UNVERIFIED,presence-only coverage check needs the IDML index-story text extract; see coverage.py scope note
Географ,195,I,Шилаваха,Шилаваха,UNVERIFIED,presence-only coverage check needs the IDML index-story text extract; see coverage.py scope note
Географ,196,I,Шона,Шона,UNVERIFIED,presence-only coverage check needs the IDML index-story text extract; see coverage.py scope note
Географ,197,I,Шрингавера,Шрингавера,UNVERIFIED,presence-only coverage check needs the IDML index-story text extract; see coverage.py scope note
Географ,198,I,Экасала,Экасала,UNVERIFIED,presence-only coverage check needs the IDML index-story text extract; see coverage.py scope note
Географ,199,I,яваны,яваны,UNVERIFIED,presence-only coverage check needs the IDML index-story text extract; see coverage.py scope note
Географ,200,I,ядавы,ядавы,UNVERIFIED,presence-only coverage check needs the IDML index-story text extract; see coverage.py scope note
Предметы и термины,2,I,абхиджит,абхиджит,UNVERIFIED,presence-only coverage check needs the IDML index-story text extract; see coverage.py scope note
Предметы и термины,3,I,агнихотра,агнихотра,UNVERIFIED,presence-only coverage check needs the IDML index-story text extract; see coverage.py scope note
Предметы и термины,4,I,агништома,агништома,UNVERIFIED,presence-only coverage check needs the IDML index-story text extract; see coverage.py scope note
Предметы и термины,5,I,агништха,агништха,UNVERIFIED,presence-only coverage check needs the IDML index-story text extract; see coverage.py scope note
Предметы и термины,6,I,ад,ад,UNVERIFIED,presence-only coverage check needs the IDML index-story text extract; see coverage.py scope note
Предметы и термины,7,I,Адитидевата,Адитидевата,UNVERIFIED,presence-only coverage check needs the IDML index-story text extract; see coverage.py scope note
Предметы и термины,8,I,"сыновья (сыны) Кашьяпы и Адити, или Адитьи, или сыновья (сыны) Адити, или суры, или боги",сыновья (сыны) Кашьяпы и Адити,UNVERIFIED,presence-only coverage check needs the IDML index-story text extract; see coverage.py scope note
Предметы и термины,9,I,адхварью,адхварью,UNVERIFIED,presence-only coverage check needs the IDML index-story text extract; see coverage.py scope note
Предметы и термины,10,I,адхикриты,адхикриты,UNVERIFIED,presence-only coverage check needs the IDML index-story text extract; see coverage.py scope note
Предметы и термины,11,I,"акаша (пустое пространство, эфир)","акаша (пустое пространство, эфир)",UNVERIFIED,presence-only coverage check needs the IDML index-story text extract; see coverage.py scope note
Предметы и термины,12,I,акшаухини,акшаухини,UNVERIFIED,presence-only coverage check needs the IDML index-story text extract; see coverage.py scope note
Предметы и термины,13,I,алтарь,алтарь,UNVERIFIED,presence-only coverage check needs the IDML index-story text extract; see coverage.py scope note
Предметы и термины,14,I,анвикшики,анвикшики,UNVERIFIED,presence-only coverage check needs the IDML index-story text extract; see coverage.py scope note
Предметы и термины,15,I,"апсара, апсары","апсара, апсары",UNVERIFIED,presence-only coverage check needs the IDML index-story text extract; see coverage.py scope note
Предметы и термины,16,I,апторьяма,апторьяма,UNVERIFIED,presence-only coverage check needs the IDML index-story text extract; see coverage.py scope note
Предметы и термины,17,I,араньяки,араньяки,UNVERIFIED,presence-only coverage check needs the IDML index-story text extract; see coverage.py scope note
Предметы и термины,18,I,аргхья,аргхья,UNVERIFIED,presence-only coverage check needs the IDML index-story text extract; see coverage.py scope note
Предметы и термины,19,I,арии,арии,UNVERIFIED,presence-only coverage check needs the IDML index-story text extract; see coverage.py scope note
Предметы и термины,20,I,аскеза пяти огней,аскеза пяти огней,UNVERIFIED,presence-only coverage check needs the IDML index-story text extract; see coverage.py scope note
Предметы и термины,21,I,"сыновья (сыны) Кашьяпы и Дити, или сыновья (сыны) Дити, или асуры",сыновья (сыны) Кашьяпы и Дити,UNVERIFIED,presence-only coverage check needs the IDML index-story text extract; see coverage.py scope note
Предметы и термины,22,I,атиратра,атиратра,UNVERIFIED,presence-only coverage check needs the IDML index-story text extract; see coverage.py scope note
Предметы и термины,23,I,атман,атман,UNVERIFIED,presence-only coverage check needs the IDML index-story text extract; see coverage.py scope note
Предметы и термины,24,I,ашвамедха,ашвамедха,UNVERIFIED,presence-only coverage check needs the IDML index-story text extract; see coverage.py scope note
Предметы и термины,25,I,ашрамы,ашрамы,UNVERIFIED,presence-only coverage check needs the IDML index-story text extract; see coverage.py scope note
Предметы и термины,26,I,"ашрама\брахмачарья, ученик","брахмачарья, ученик",UNVERIFIED,presence-only coverage check needs the IDML index-story text extract; see coverage.py scope note
Предметы и термины,27,I,"ашрама\ванапрастха, отшельник","ванапрастха, отшельник",UNVERIFIED,presence-only coverage check needs the IDML index-story text extract; see coverage.py scope note
Предметы и термины,28,I,"ашрама\грихастха, гархастха, домохозяин","грихастха, гархастха, домохозяин",UNVERIFIED,presence-only coverage check needs the IDML index-story text extract; see coverage.py scope note
Предметы и термины,29,I,"ашрама\саньяса, аскет","саньяса, аскет",UNVERIFIED,presence-only coverage check needs the IDML index-story text extract; see coverage.py scope note
Предметы и термины,30,I,аюрведа,аюрведа,UNVERIFIED,presence-only coverage check needs the IDML index-story text extract; see coverage.py scope note
Предметы и термины,31,I,аюс,аюс,UNVERIFIED,presence-only coverage check needs the IDML index-story text extract; see coverage.py scope note
Предметы и термины,32,I,аюштома,аюштома,UNVERIFIED,presence-only coverage check needs the IDML index-story text extract; see coverage.py scope note
Предметы и термины,33,I,бали,бали,UNVERIFIED,presence-only coverage check needs the IDML index-story text extract; see coverage.py scope note
Предметы и термины,34,I,барабан,барабан,UNVERIFIED,presence-only coverage check needs the IDML index-story text extract; see coverage.py scope note
Предметы и термины,35,I,бездушное существо,бездушное существо,UNVERIFIED,presence-only coverage check needs the IDML index-story text extract; see coverage.py scope note
Предметы и термины,36,I,беззаконие,беззаконие,UNVERIFIED,presence-only coverage check needs the IDML index-story text extract; see coverage.py scope note
Предметы и термины,37,I,белый зонт,белый зонт,UNVERIFIED,presence-only coverage check needs the IDML index-story text extract; see coverage.py scope note
Предметы и термины,38,I,"брахман, брахманы","брахман, брахманы",UNVERIFIED,presence-only coverage check needs the IDML index-story text extract; see coverage.py scope note
Предметы и термины,39,I,брахмаракшас,брахмаракшас,UNVERIFIED,presence-only coverage check needs the IDML index-story text extract; see coverage.py scope note
Предметы и термины,40,I,брахмачарин,брахмачарин,UNVERIFIED,presence-only coverage check needs the IDML index-story text extract; see coverage.py scope note
Предметы и термины,41,I,буддхи,буддхи,UNVERIFIED,presence-only coverage check needs the IDML index-story text extract; see coverage.py scope note
Предметы и термины,42,I,бхуты,бхуты,UNVERIFIED,presence-only coverage check needs the IDML index-story text extract; see coverage.py scope note
Предметы и термины,43,I,бытие,бытие,UNVERIFIED,presence-only coverage check needs the IDML index-story text extract; see coverage.py scope note
Предметы и термины,44,I,вавата,вавата,UNVERIFIED,presence-only coverage check needs the IDML index-story text extract; see coverage.py scope note
Предметы и термины,45,I,"вадава, или бадава",вадава,UNVERIFIED,presence-only coverage check needs the IDML index-story text extract; see coverage.py scope note
Предметы и термины,46,I,"вадава, или бадава\гнев Аурвы",гнев Аурвы,UNVERIFIED,presence-only coverage check needs the IDML index-story text extract; see coverage.py scope note
Предметы и термины,47,I,"вадава, или бадава\сын Аурвы",сын Аурвы,UNVERIFIED,presence-only coverage check needs the IDML index-story text extract; see coverage.py scope note
Предметы и термины,48,I,вадака,вадака,UNVERIFIED,presence-only coverage check needs the IDML index-story text extract; see coverage.py scope note
Предметы и термины,49,I,ваджапея,ваджапея,UNVERIFIED,presence-only coverage check needs the IDML index-story text extract; see coverage.py scope note
Предметы и термины,50,I,"вайдья (умник, ученый, врач)","вайдья (умник, ученый, врач)",UNVERIFIED,presence-only coverage check needs the IDML index-story text extract; see coverage.py scope note
Предметы и термины,51,I,"ванара (рикша, гопучха, голангула)","ванара (рикша, гопучха, голангула)",UNVERIFIED,presence-only coverage check needs the IDML index-story text extract; see coverage.py scope note
Предметы и термины,52,I,вандины,вандины,UNVERIFIED,presence-only coverage check needs the IDML index-story text extract; see coverage.py scope note
Предметы и термины,53,I,варны,варны,UNVERIFIED,presence-only coverage check needs the IDML index-story text extract; see coverage.py scope note
Предметы и термины,54,I,варны\брахманы,брахманы,UNVERIFIED,presence-only coverage check needs the IDML index-story text extract; see coverage.py scope note
Предметы и термины,55,I,варны\вайшьи,вайшьи,UNVERIFIED,presence-only coverage check needs the IDML index-story text extract; see coverage.py scope note
Предметы и термины,56,I,варны\кшатрии,кшатрии,UNVERIFIED,presence-only coverage check needs the IDML index-story text extract; see coverage.py scope note
Предметы и термины,57,I,варны\шудры,шудры,UNVERIFIED,presence-only coverage check needs the IDML index-story text extract; see coverage.py scope note
Предметы и термины,58,I,васу,васу,UNVERIFIED,presence-only coverage check needs the IDML index-story text extract; see coverage.py scope note
Предметы и термины,59,I,вахана,вахана,UNVERIFIED,presence-only coverage check needs the IDML index-story text extract; see coverage.py scope note
Предметы и термины,60,I,веда кшатриев,веда кшатриев,UNVERIFIED,presence-only coverage check needs the IDML index-story text extract; see coverage.py scope note
Предметы и термины,61,I,веданги,веданги,UNVERIFIED,presence-only coverage check needs the IDML index-story text extract; see coverage.py scope note
Предметы и термины,62,I,веды,веды,UNVERIFIED,presence-only coverage check needs the IDML index-story text extract; see coverage.py scope note
Предметы и термины,63,I,веды\Атхарваведа,Атхарваведа,UNVERIFIED,presence-only coverage check needs the IDML index-story text extract; see coverage.py scope note
Предметы и термины,64,I,веды\Ригведа,Ригведа,UNVERIFIED,presence-only coverage check needs the IDML index-story text extract; see coverage.py scope note
Предметы и термины,65,I,веды\Самаведа,Самаведа,UNVERIFIED,presence-only coverage check needs the IDML index-story text extract; see coverage.py scope note
Предметы и термины,66,I,веды\Яджурведа,Яджурведа,UNVERIFIED,presence-only coverage check needs the IDML index-story text extract; see coverage.py scope note
Предметы и термины,67,I,великие змеи,великие змеи,UNVERIFIED,presence-only coverage check needs the IDML index-story text extract; see coverage.py scope note
Предметы и термины,68,I,верхний мир (небо),верхний мир (небо),UNVERIFIED,presence-only coverage check needs the IDML index-story text extract; see coverage.py scope note
Предметы и термины,69,I,видьядхари,видьядхари,UNVERIFIED,presence-only coverage check needs the IDML index-story text extract; see coverage.py scope note
Предметы и термины,70,I,видьядхары,видьядхары,UNVERIFIED,presence-only coverage check needs the IDML index-story text extract; see coverage.py scope note
Предметы и термины,71,I,вина,вина,UNVERIFIED,presence-only coverage check needs the IDML index-story text extract; see coverage.py scope note
Предметы и термины,72,I,виная,виная,UNVERIFIED,presence-only coverage check needs the IDML index-story text extract; see coverage.py scope note
Предметы и термины,73,I,Вишакха,Вишакха,UNVERIFIED,presence-only coverage check needs the IDML index-story text extract; see coverage.py scope note
Предметы и термины,74,I,вишваджит,вишваджит,UNVERIFIED,presence-only coverage check needs the IDML index-story text extract; see coverage.py scope note
Предметы и термины,75,I,всесильные дочери Брахмы,всесильные дочери Брахмы,UNVERIFIED,presence-only coverage check needs the IDML index-story text extract; see coverage.py scope note
Предметы и термины,76,I,гада,гада,UNVERIFIED,presence-only coverage check needs the IDML index-story text extract; see coverage.py scope note
Предметы и термины,77,I,"гандхарвы, гандхарви","гандхарвы, гандхарви",UNVERIFIED,presence-only coverage check needs the IDML index-story text extract; see coverage.py scope note
Предметы и термины,78,I,гетеры,гетеры,UNVERIFIED,presence-only coverage check needs the IDML index-story text extract; see coverage.py scope note
Предметы и термины,79,I,гуру,гуру,UNVERIFIED,presence-only coverage check needs the IDML index-story text extract; see coverage.py scope note
Предметы и термины,80,I,дайтьи,дайтьи,UNVERIFIED,presence-only coverage check needs the IDML index-story text extract; see coverage.py scope note
Предметы и термины,81,I,дакшина,дакшина,UNVERIFIED,presence-only coverage check needs the IDML index-story text extract; see coverage.py scope note
Предметы и термины,82,I,"сыновья (сыны) Кашьяпы и Дану, или данавы",сыновья (сыны) Кашьяпы и Дану,UNVERIFIED,presence-only coverage check needs the IDML index-story text extract; see coverage.py scope note
Предметы и термины,83,I,дандаки,дандаки,UNVERIFIED,presence-only coverage check needs the IDML index-story text extract; see coverage.py scope note
Предметы и термины,84,I,дарша,дарша,UNVERIFIED,presence-only coverage check needs the IDML index-story text extract; see coverage.py scope note
Предметы и термины,85,I,дваждырожденные,дваждырожденные,UNVERIFIED,presence-only coverage check needs the IDML index-story text extract; see coverage.py scope note
Предметы и термины,86,I,день Брахмы,день Брахмы,UNVERIFIED,presence-only coverage check needs the IDML index-story text extract; see coverage.py scope note
Предметы и термины,87,I,джата (косица),джата (косица),UNVERIFIED,presence-only coverage check needs the IDML index-story text extract; see coverage.py scope note
Предметы и термины,88,I,джьештха,джьештха,UNVERIFIED,presence-only coverage check needs the IDML index-story text extract; see coverage.py scope note
Предметы и термины,89,I,джьотиша,джьотиша,UNVERIFIED,presence-only coverage check needs the IDML index-story text extract; see coverage.py scope note
Предметы и термины,90,I,джьотиштома,джьотиштома,UNVERIFIED,presence-only coverage check needs the IDML index-story text extract; see coverage.py scope note
Предметы и термины,91,I,династия,династия,UNVERIFIED,presence-only coverage check needs the IDML index-story text extract; see coverage.py scope note
Предметы и термины,92,I,дхармашастра,дхармашастра,UNVERIFIED,presence-only coverage check needs the IDML index-story text extract; see coverage.py scope note
Предметы и термины,93,I,дыхание,дыхание,UNVERIFIED,presence-only coverage check needs the IDML index-story text extract; see coverage.py scope note
Предметы и термины,94,I,евнухи,евнухи,UNVERIFIED,presence-only coverage check needs the IDML index-story text extract; see coverage.py scope note
Предметы и термины,95,I,"жертва, или возлияние на огне",жертва,UNVERIFIED,presence-only coverage check needs the IDML index-story text extract; see coverage.py scope note
Предметы и термины,96,I,жертвенная пища,жертвенная пища,UNVERIFIED,presence-only coverage check needs the IDML index-story text extract; see coverage.py scope note
Предметы и термины,97,I,жертвенная утварь,жертвенная утварь,UNVERIFIED,presence-only coverage check needs the IDML index-story text extract; see coverage.py scope note
Предметы и термины,98,I,жертвенная церемония,жертвенная церемония,UNVERIFIED,presence-only coverage check needs the IDML index-story text extract; see coverage.py scope note
Предметы и термины,99,I,жертвенная чаша,жертвенная чаша,UNVERIFIED,presence-only coverage check needs the IDML index-story text extract; see coverage.py scope note
Предметы и термины,100,I,жертвенник,жертвенник,UNVERIFIED,presence-only coverage check needs the IDML index-story text extract; see coverage.py scope note
Предметы и термины,101,I,жертвенное возлияние,жертвенное возлияние,UNVERIFIED,presence-only coverage check needs the IDML index-story text extract; see coverage.py scope note
Предметы и термины,102,I,жертвенное животное,жертвенное животное,UNVERIFIED,presence-only coverage check needs the IDML index-story text extract; see coverage.py scope note
Предметы и термины,103,I,жертвенное масло (жир),жертвенное масло (жир),UNVERIFIED,presence-only coverage check needs the IDML index-story text extract; see coverage.py scope note
Предметы и термины,104,I,жертвенные путы,жертвенные путы,UNVERIFIED,presence-only coverage check needs the IDML index-story text extract; see coverage.py scope note
Предметы и термины,105,I,жертвенный дар,жертвенный дар,UNVERIFIED,presence-only coverage check needs the IDML index-story text extract; see coverage.py scope note
Предметы и термины,106,I,"жертвенный дар (подношение, приношение)","жертвенный дар (подношение, приношение)",UNVERIFIED,presence-only coverage check needs the IDML index-story text extract; see coverage.py scope note
Предметы и термины,107,I,жертвенный ковш,жертвенный ковш,UNVERIFIED,presence-only coverage check needs the IDML index-story text extract; see coverage.py scope note
Предметы и термины,108,I,жертвенный конь,жертвенный конь,UNVERIFIED,presence-only coverage check needs the IDML index-story text extract; see coverage.py scope note
Предметы и термины,109,I,жертвенный костер,жертвенный костер,UNVERIFIED,presence-only coverage check needs the IDML index-story text extract; see coverage.py scope note
Предметы и термины,110,I,жертвенный кувшин,жертвенный кувшин,UNVERIFIED,presence-only coverage check needs the IDML index-story text extract; see coverage.py scope note
Предметы и термины,111,I,жертвенный напиток,жертвенный напиток,UNVERIFIED,presence-only coverage check needs the IDML index-story text extract; see coverage.py scope note
Предметы и термины,112,I,жертвенный нож,жертвенный нож,UNVERIFIED,presence-only coverage check needs the IDML index-story text extract; see coverage.py scope note
Предметы и термины,113,I,жертвенный обряд,жертвенный обряд,UNVERIFIED,presence-only coverage check needs the IDML index-story text extract; see coverage.py scope note
Предметы и термины,114,I,жертвенный огонь,жертвенный огонь,UNVERIFIED,presence-only coverage check needs the IDML index-story text extract; see coverage.py scope note
Предметы и термины,115,I,жертвенный рис,жертвенный рис,UNVERIFIED,presence-only coverage check needs the IDML index-story text extract; see coverage.py scope note
Предметы и термины,116,I,жертвенный столб,жертвенный столб,UNVERIFIED,presence-only coverage check needs the IDML index-story text extract; see coverage.py scope note
Предметы и термины,117,I,жертвенный хворост,жертвенный хворост,UNVERIFIED,presence-only coverage check needs the IDML index-story text extract; see coverage.py scope note
Предметы и термины,118,I,жертвоприношение предкам,жертвоприношение предкам,UNVERIFIED,presence-only coverage check needs the IDML index-story text extract; see coverage.py scope note
Предметы и термины,119,I,заклинание,заклинание,UNVERIFIED,presence-only coverage check needs the IDML index-story text extract; see coverage.py scope note
Предметы и термины,120,I,заклинание\Аванмукха,Аванмукха,UNVERIFIED,presence-only coverage check needs the IDML index-story text extract; see coverage.py scope note
Предметы и термины,121,I,заклинание\Аварана,Аварана,UNVERIFIED,presence-only coverage check needs the IDML index-story text extract; see coverage.py scope note
Предметы и термины,122,I,заклинание\Алакшья,Алакшья,UNVERIFIED,presence-only coverage check needs the IDML index-story text extract; see coverage.py scope note
Предметы и термины,123,I,заклинание\Атибала,Атибала,UNVERIFIED,presence-only coverage check needs the IDML index-story text extract; see coverage.py scope note
Предметы и термины,124,I,заклинание\Бала,Бала,UNVERIFIED,presence-only coverage check needs the IDML index-story text extract; see coverage.py scope note
Предметы и термины,125,I,заклинание\Варуна,Варуна,UNVERIFIED,presence-only coverage check needs the IDML index-story text extract; see coverage.py scope note
Предметы и термины,126,I,заклинание\Видхута,Видхута,UNVERIFIED,presence-only coverage check needs the IDML index-story text extract; see coverage.py scope note
Предметы и термины,127,I,заклинание\Вимала,Вимала,UNVERIFIED,presence-only coverage check needs the IDML index-story text extract; see coverage.py scope note
Предметы и термины,128,I,заклинание\Винидра,Винидра,UNVERIFIED,presence-only coverage check needs the IDML index-story text extract; see coverage.py scope note
Предметы и термины,129,I,заклинание\Вируча,Вируча,UNVERIFIED,presence-only coverage check needs the IDML index-story text extract; see coverage.py scope note
Предметы и термины,130,I,заклинание\Вриттиман,Вриттиман,UNVERIFIED,presence-only coverage check needs the IDML index-story text extract; see coverage.py scope note
Предметы и термины,131,I,заклинание\Дайтья,Дайтья,UNVERIFIED,presence-only coverage check needs the IDML index-story text extract; see coverage.py scope note
Предметы и термины,132,I,заклинание\Дашакша,Дашакша,UNVERIFIED,presence-only coverage check needs the IDML index-story text extract; see coverage.py scope note
Предметы и термины,133,I,заклинание\Дашаширша,Дашаширша,UNVERIFIED,presence-only coverage check needs the IDML index-story text extract; see coverage.py scope note
Предметы и термины,134,I,заклинание\Джримбхака,Джримбхака,UNVERIFIED,presence-only coverage check needs the IDML index-story text extract; see coverage.py scope note
Предметы и термины,135,I,заклинание\Джьотиша,Джьотиша,UNVERIFIED,presence-only coverage check needs the IDML index-story text extract; see coverage.py scope note
Предметы и термины,136,I,заклинание\Дридханабха,Дридханабха,UNVERIFIED,presence-only coverage check needs the IDML index-story text extract; see coverage.py scope note
Предметы и термины,137,I,заклинание\Дундунабха,Дундунабха,UNVERIFIED,presence-only coverage check needs the IDML index-story text extract; see coverage.py scope note
Предметы и термины,138,I,заклинание\Дхана,Дхана,UNVERIFIED,presence-only coverage check needs the IDML index-story text extract; see coverage.py scope note
Предметы и термины,139,I,заклинание\Дханья,Дханья,UNVERIFIED,presence-only coverage check needs the IDML index-story text extract; see coverage.py scope note
Предметы и термины,140,I,заклинание\Дхритималин,Дхритималин,UNVERIFIED,presence-only coverage check needs the IDML index-story text extract; see coverage.py scope note
Предметы и термины,141,I,заклинание\Дхришта,Дхришта,UNVERIFIED,presence-only coverage check needs the IDML index-story text extract; see coverage.py scope note
Предметы и термины,142,I,заклинание\Камарупа,Камарупа,UNVERIFIED,presence-only coverage check needs the IDML index-story text extract; see coverage.py scope note
Предметы и термины,143,I,заклинание\Камаручи,Камаручи,UNVERIFIED,presence-only coverage check needs the IDML index-story text extract; see coverage.py scope note
Предметы и термины,144,I,заклинание\Лакшья,Лакшья,UNVERIFIED,presence-only coverage check needs the IDML index-story text extract; see coverage.py scope note
Предметы и термины,145,I,заклинание\Макара,Макара,UNVERIFIED,presence-only coverage check needs the IDML index-story text extract; see coverage.py scope note
Предметы и термины,146,I,заклинание\Махабаху,Махабаху,UNVERIFIED,presence-only coverage check needs the IDML index-story text extract; see coverage.py scope note
Предметы и термины,147,I,заклинание\Маханабха,Маханабха,UNVERIFIED,presence-only coverage check needs the IDML index-story text extract; see coverage.py scope note
Предметы и термины,148,I,заклинание\Моха,Моха,UNVERIFIED,presence-only coverage check needs the IDML index-story text extract; see coverage.py scope note
Предметы и термины,149,I,заклинание\Найрасья,Найрасья,UNVERIFIED,presence-only coverage check needs the IDML index-story text extract; see coverage.py scope note
Предметы и термины,150,I,заклинание\Нишкали,Нишкали,UNVERIFIED,presence-only coverage check needs the IDML index-story text extract; see coverage.py scope note
Предметы и термины,151,I,заклинание\Падманабха,Падманабха,UNVERIFIED,presence-only coverage check needs the IDML index-story text extract; see coverage.py scope note
Предметы и термины,152,I,заклинание\Пантхана,Пантхана,UNVERIFIED,presence-only coverage check needs the IDML index-story text extract; see coverage.py scope note
Предметы и термины,153,I,заклинание\Паравир,Паравир,UNVERIFIED,presence-only coverage check needs the IDML index-story text extract; see coverage.py scope note
Предметы и термины,154,I,заклинание\Паранмукха,Паранмукха,UNVERIFIED,presence-only coverage check needs the IDML index-story text extract; see coverage.py scope note
Предметы и термины,155,I,заклинание\Питрья,Питрья,UNVERIFIED,presence-only coverage check needs the IDML index-story text extract; see coverage.py scope note
Предметы и термины,156,I,заклинание\Праматхана,Праматхана,UNVERIFIED,presence-only coverage check needs the IDML index-story text extract; see coverage.py scope note
Предметы и термины,157,I,заклинание\Пратихаратара,Пратихаратара,UNVERIFIED,presence-only coverage check needs the IDML index-story text extract; see coverage.py scope note
Предметы и термины,158,I,заклинание\Рабхаса,Рабхаса,UNVERIFIED,presence-only coverage check needs the IDML index-story text extract; see coverage.py scope note
Предметы и термины,159,I,заклинание\Рати,Рати,UNVERIFIED,presence-only coverage check needs the IDML index-story text extract; see coverage.py scope note
Предметы и термины,160,I,заклинание\Ручира,Ручира,UNVERIFIED,presence-only coverage check needs the IDML index-story text extract; see coverage.py scope note
Предметы и термины,161,I,заклинание\Сарпанатха,Сарпанатха,UNVERIFIED,presence-only coverage check needs the IDML index-story text extract; see coverage.py scope note
Предметы и термины,162,I,заклинание\Сарчималин,Сарчималин,UNVERIFIED,presence-only coverage check needs the IDML index-story text extract; see coverage.py scope note
Предметы и термины,163,I,заклинание\Сатьяван,Сатьяван,UNVERIFIED,presence-only coverage check needs the IDML index-story text extract; see coverage.py scope note
Предметы и термины,164,I,заклинание\Сатьякирти,Сатьякирти,UNVERIFIED,presence-only coverage check needs the IDML index-story text extract; see coverage.py scope note
Предметы и термины,165,I,заклинание\Сауманаса,Сауманаса,UNVERIFIED,presence-only coverage check needs the IDML index-story text extract; see coverage.py scope note
Предметы и термины,166,I,заклинание\Сванабхаку,Сванабхаку,UNVERIFIED,presence-only coverage check needs the IDML index-story text extract; see coverage.py scope note
Предметы и термины,167,I,заклинание\Сунабхака,Сунабхака,UNVERIFIED,presence-only coverage check needs the IDML index-story text extract; see coverage.py scope note
Предметы и термины,168,I,заклинание\Шакуна,Шакуна,UNVERIFIED,presence-only coverage check needs the IDML index-story text extract; see coverage.py scope note
Предметы и термины,169,I,заклинание\Шатавакра,Шатавакра,UNVERIFIED,presence-only coverage check needs the IDML index-story text extract; see coverage.py scope note
Предметы и термины,170,I,заклинание\Шатодара,Шатодара,UNVERIFIED,presence-only coverage check needs the IDML index-story text extract; see coverage.py scope note
Предметы и термины,171,I,заклинание\Шучибаха,Шучибаха,UNVERIFIED,presence-only coverage check needs the IDML index-story text extract; see coverage.py scope note
Предметы и термины,172,I,заклинание\Яугандхара,Яугандхара,UNVERIFIED,presence-only coverage check needs the IDML index-story text extract; see coverage.py scope note
Предметы и термины,173,I,знамя Агни,знамя Агни,UNVERIFIED,presence-only coverage check needs the IDML index-story text extract; see coverage.py scope note
Предметы и термины,174,I,"знамя Индры, или знамя Шакры, или знамя супруга Шачи.",знамя Индры,UNVERIFIED,presence-only coverage check needs the IDML index-story text extract; see coverage.py scope note
Предметы и термины,175,I,знамя Шивы,знамя Шивы,UNVERIFIED,presence-only coverage check needs the IDML index-story text extract; see coverage.py scope note
Предметы и термины,176,I,"знание Брахмы, или священный слог ом",знание Брахмы,UNVERIFIED,presence-only coverage check needs the IDML index-story text extract; see coverage.py scope note
Предметы и термины,177,I,йога,йога,UNVERIFIED,presence-only coverage check needs the IDML index-story text extract; see coverage.py scope note
Предметы и термины,178,I,йоджана,йоджана,UNVERIFIED,presence-only coverage check needs the IDML index-story text extract; see coverage.py scope note
Предметы и термины,179,I,кавья,кавья,UNVERIFIED,presence-only coverage check needs the IDML index-story text extract; see coverage.py scope note
Предметы и термины,180,I,каларатри (ночь гибели мира),каларатри (ночь гибели мира),UNVERIFIED,presence-only coverage check needs the IDML index-story text extract; see coverage.py scope note
Предметы и термины,181,I,кальпа,кальпа,UNVERIFIED,presence-only coverage check needs the IDML index-story text extract; see coverage.py scope note
Предметы и термины,182,I,кальпасутра,кальпасутра,UNVERIFIED,presence-only coverage check needs the IDML index-story text extract; see coverage.py scope note
Предметы и термины,183,I,карма,карма,UNVERIFIED,presence-only coverage check needs the IDML index-story text extract; see coverage.py scope note
Предметы и термины,184,I,кармадхарая,кармадхарая,UNVERIFIED,presence-only coverage check needs the IDML index-story text extract; see coverage.py scope note
Предметы и термины,185,I,картика,картика,UNVERIFIED,presence-only coverage check needs the IDML index-story text extract; see coverage.py scope note
Предметы и термины,186,I,Каустубха,Каустубха,UNVERIFIED,presence-only coverage check needs the IDML index-story text extract; see coverage.py scope note
Предметы и термины,187,I,каштха,каштха,UNVERIFIED,presence-only coverage check needs the IDML index-story text extract; see coverage.py scope note
Предметы и термины,188,I,кимпуруши,кимпуруши,UNVERIFIED,presence-only coverage check needs the IDML index-story text extract; see coverage.py scope note
Предметы и термины,189,I,киннари,киннари,UNVERIFIED,presence-only coverage check needs the IDML index-story text extract; see coverage.py scope note
Предметы и термины,190,I,киннары,киннары,UNVERIFIED,presence-only coverage check needs the IDML index-story text extract; see coverage.py scope note
Предметы и термины,191,I,коти,коти,UNVERIFIED,presence-only coverage check needs the IDML index-story text extract; see coverage.py scope note
Предметы и термины,192,I,Криттики,Криттики,UNVERIFIED,presence-only coverage check needs the IDML index-story text extract; see coverage.py scope note
Предметы и термины,193,I,кроша,кроша,UNVERIFIED,presence-only coverage check needs the IDML index-story text extract; see coverage.py scope note
Предметы и термины,194,I,кушилавы,кушилавы,UNVERIFIED,presence-only coverage check needs the IDML index-story text extract; see coverage.py scope note
Предметы и термины,195,I,кшуд,кшуд,UNVERIFIED,presence-only coverage check needs the IDML index-story text extract; see coverage.py scope note
Предметы и термины,196,I,лагна,лагна,UNVERIFIED,presence-only coverage check needs the IDML index-story text extract; see coverage.py scope note
Предметы и термины,197,I,локаятики (неверующие брахманы),локаятики (неверующие брахманы),UNVERIFIED,presence-only coverage check needs the IDML index-story text extract; see coverage.py scope note
Предметы и термины,198,I,"лотосоокий, лотосоокая","лотосоокий, лотосоокая",UNVERIFIED,presence-only coverage check needs the IDML index-story text extract; see coverage.py scope note
Предметы и термины,199,I,династия\Лунная династия,Лунная династия,UNVERIFIED,presence-only coverage check needs the IDML index-story text extract; see coverage.py scope note
Предметы и термины,200,I,магадхи,магадхи,UNVERIFIED,presence-only coverage check needs the IDML index-story text extract; see coverage.py scope note
Предметы и термины,201,I,Магха,Магха,UNVERIFIED,presence-only coverage check needs the IDML index-story text extract; see coverage.py scope note
Предметы и термины,202,I,майя,майя,UNVERIFIED,presence-only coverage check needs the IDML index-story text extract; see coverage.py scope note
Предметы и термины,203,I,мала,мала,UNVERIFIED,presence-only coverage check needs the IDML index-story text extract; see coverage.py scope note
Предметы и термины,204,I,манас,манас,UNVERIFIED,presence-only coverage check needs the IDML index-story text extract; see coverage.py scope note
Предметы и термины,205,I,мантра,мантра,UNVERIFIED,presence-only coverage check needs the IDML index-story text extract; see coverage.py scope note
Предметы и термины,206,I,марга,марга,UNVERIFIED,presence-only coverage check needs the IDML index-story text extract; see coverage.py scope note
Предметы и термины,207,I,маруты,маруты,UNVERIFIED,presence-only coverage check needs the IDML index-story text extract; see coverage.py scope note
Предметы и термины,208,I,махишья,махишья,UNVERIFIED,presence-only coverage check needs the IDML index-story text extract; see coverage.py scope note
Предметы и термины,209,I,мир богов,мир богов,UNVERIFIED,presence-only coverage check needs the IDML index-story text extract; see coverage.py scope note
Предметы и термины,210,I,"мир Брахмы, или брахмалока",мир Брахмы,UNVERIFIED,presence-only coverage check needs the IDML index-story text extract; see coverage.py scope note
Предметы и термины,211,I,"мир Индры, или третье небо, или небо Индры",мир Индры,UNVERIFIED,presence-only coverage check needs the IDML index-story text extract; see coverage.py scope note
Предметы и термины,212,I,мукхьи,мукхьи,UNVERIFIED,presence-only coverage check needs the IDML index-story text extract; see coverage.py scope note
Предметы и термины,213,I,"муштика, муштики","муштика, муштики",UNVERIFIED,presence-only coverage check needs the IDML index-story text extract; see coverage.py scope note
Предметы и термины,214,I,наги,наги,UNVERIFIED,presence-only coverage check needs the IDML index-story text extract; see coverage.py scope note
Предметы и термины,215,I,настика (безбожие),настика (безбожие),UNVERIFIED,presence-only coverage check needs the IDML index-story text extract; see coverage.py scope note
Предметы и термины,216,I,небожители,небожители,UNVERIFIED,presence-only coverage check needs the IDML index-story text extract; see coverage.py scope note
Предметы и термины,217,I,нижний мир,нижний мир,UNVERIFIED,presence-only coverage check needs the IDML index-story text extract; see coverage.py scope note
Предметы и термины,218,I,нишка,нишка,UNVERIFIED,presence-only coverage check needs the IDML index-story text extract; see coverage.py scope note
Предметы и термины,219,I,ночь Брахмы,ночь Брахмы,UNVERIFIED,presence-only coverage check needs the IDML index-story text extract; see coverage.py scope note
Предметы и термины,220,I,одежда (платье) из лыка,одежда (платье) из лыка,UNVERIFIED,presence-only coverage check needs the IDML index-story text extract; see coverage.py scope note
Предметы и термины,221,I,оружие,оружие,UNVERIFIED,presence-only coverage check needs the IDML index-story text extract; see coverage.py scope note
Предметы и термины,222,I,"оружие\Агнея, или Шикхара, стрела Агни",Агнея,UNVERIFIED,presence-only coverage check needs the IDML index-story text extract; see coverage.py scope note
Предметы и термины,223,I,"оружие\Айшика, тростниковая стрела","Айшика, тростниковая стрела",UNVERIFIED,presence-only coverage check needs the IDML index-story text extract; see coverage.py scope note
Предметы и термины,224,I,"оружие\Асиратна, меч","Асиратна, меч",UNVERIFIED,presence-only coverage check needs the IDML index-story text extract; see coverage.py scope note
Предметы и термины,225,I,"оружие\божественное оружие, сыновья Праджапати Кришашвы","божественное оружие, сыновья Праджапати Кришашвы",UNVERIFIED,presence-only coverage check needs the IDML index-story text extract; see coverage.py scope note
Предметы и термины,226,I,"оружие\брахманский посох, или посох Брахмы",брахманский посох,UNVERIFIED,presence-only coverage check needs the IDML index-story text extract; see coverage.py scope note
Предметы и термины,227,I,оружие\Брахмаширас,Брахмаширас,UNVERIFIED,presence-only coverage check needs the IDML index-story text extract; see coverage.py scope note
Предметы и термины,228,I,"оружие\ваджра, или перун Индры (Шакры)",ваджра,UNVERIFIED,presence-only coverage check needs the IDML index-story text extract; see coverage.py scope note
Предметы и термины,229,I,"оружие\Ваявья, стрела Ваю","Ваявья, стрела Ваю",UNVERIFIED,presence-only coverage check needs the IDML index-story text extract; see coverage.py scope note
Предметы и термины,230,I,"оружие\Вишнучакра, диск Вишну","Вишнучакра, диск Вишну",UNVERIFIED,presence-only coverage check needs the IDML index-story text extract; see coverage.py scope note
Предметы и термины,231,I,"оружие\Влажный, дротик","Влажный, дротик",UNVERIFIED,presence-only coverage check needs the IDML index-story text extract; see coverage.py scope note
Предметы и термины,232,I,"оружие\Дандастра, стрела пишачей","Дандастра, стрела пишачей",UNVERIFIED,presence-only coverage check needs the IDML index-story text extract; see coverage.py scope note
Предметы и термины,233,I,"оружие\Дандачакра, диск Ямы","Дандачакра, диск Ямы",UNVERIFIED,presence-only coverage check needs the IDML index-story text extract; see coverage.py scope note
Предметы и термины,234,I,"оружие\Даруна, оружие Бхаги","Даруна, оружие Бхаги",UNVERIFIED,presence-only coverage check needs the IDML index-story text extract; see coverage.py scope note
Предметы и термины,235,I,оружие\двойная пика,двойная пика,UNVERIFIED,presence-only coverage check needs the IDML index-story text extract; see coverage.py scope note
Предметы и термины,236,I,оружие\дубинка Ямы,дубинка Ямы,UNVERIFIED,presence-only coverage check needs the IDML index-story text extract; see coverage.py scope note
Предметы и термины,237,I,"оружие\Дхармапаша, сеть Дхармы","Дхармапаша, сеть Дхармы",UNVERIFIED,presence-only coverage check needs the IDML index-story text extract; see coverage.py scope note
Предметы и термины,238,I,"оружие\Дхармачакра, диск Дхармы","Дхармачакра, диск Дхармы",UNVERIFIED,presence-only coverage check needs the IDML index-story text extract; see coverage.py scope note
Предметы и термины,239,I,"оружие\Индрачакра, диск Индры","Индрачакра, диск Индры",UNVERIFIED,presence-only coverage check needs the IDML index-story text extract; see coverage.py scope note
Предметы и термины,240,I,"оружие\Иссушающая, стрела","Иссушающая, стрела",UNVERIFIED,presence-only coverage check needs the IDML index-story text extract; see coverage.py scope note
Предметы и термины,241,I,"оружие\Калапаша, сеть Калы","Калапаша, сеть Калы",UNVERIFIED,presence-only coverage check needs the IDML index-story text extract; see coverage.py scope note
Предметы и термины,242,I,"оружие\Калачакра, диск Калы","Калачакра, диск Калы",UNVERIFIED,presence-only coverage check needs the IDML index-story text extract; see coverage.py scope note
Предметы и термины,243,I,"оружие\Канкала, палица","Канкала, палица",UNVERIFIED,presence-only coverage check needs the IDML index-story text extract; see coverage.py scope note
Предметы и термины,244,I,"оружие\Канкана, палица","Канкана, палица",UNVERIFIED,presence-only coverage check needs the IDML index-story text extract; see coverage.py scope note
Предметы и термины,245,I,"оружие\Капала, палица","Капала, палица",UNVERIFIED,presence-only coverage check needs the IDML index-story text extract; see coverage.py scope note
Предметы и термины,246,I,оружие\Кинкини,Кинкини,UNVERIFIED,presence-only coverage check needs the IDML index-story text extract; see coverage.py scope note
Предметы и термины,247,I,"оружие\Краунча, стрела","Краунча, стрела",UNVERIFIED,presence-only coverage check needs the IDML index-story text extract; see coverage.py scope note
Предметы и термины,248,I,оружие\лук Вишну,лук Вишну,UNVERIFIED,presence-only coverage check needs the IDML index-story text extract; see coverage.py scope note
Предметы и термины,249,I,оружие\лук Гандива,лук Гандива,UNVERIFIED,presence-only coverage check needs the IDML index-story text extract; see coverage.py scope note
Предметы и термины,250,I,оружие\лук Индры,лук Индры,UNVERIFIED,presence-only coverage check needs the IDML index-story text extract; see coverage.py scope note
Предметы и термины,251,I,"оружие\Пинака, лук Шивы-Рудры, Рамы, Джанаки, божественный лук, лук-сокровище","Пинака, лук Шивы-Рудры, Рамы, Джанаки, божественный лук, лук-сокровище",UNVERIFIED,presence-only coverage check needs the IDML index-story text extract; see coverage.py scope note
Предметы и термины,252,I,оружие\Майямая,Майямая,UNVERIFIED,presence-only coverage check needs the IDML index-story text extract; see coverage.py scope note
Предметы и термины,253,I,"оружие\Манава, стрела","Манава, стрела",UNVERIFIED,presence-only coverage check needs the IDML index-story text extract; see coverage.py scope note
Предметы и термины,254,I,"оружие\Матхана, стрела Ваю","Матхана, стрела Ваю",UNVERIFIED,presence-only coverage check needs the IDML index-story text extract; see coverage.py scope note
Предметы и термины,255,I,"оружие\Маусала, палица","Маусала, палица",UNVERIFIED,presence-only coverage check needs the IDML index-story text extract; see coverage.py scope note
Предметы и термины,256,I,"оружие\Модаки, булава","Модаки, булава",UNVERIFIED,presence-only coverage check needs the IDML index-story text extract; see coverage.py scope note
Предметы и термины,257,I,"оружие\Мохана, стрела гандхарвов","Мохана, стрела гандхарвов",UNVERIFIED,presence-only coverage check needs the IDML index-story text extract; see coverage.py scope note
Предметы и термины,258,I,оружие\оружие Варуны,оружие Варуны,UNVERIFIED,presence-only coverage check needs the IDML index-story text extract; see coverage.py scope note
Предметы и термины,259,I,оружие\оружие Индры,оружие Индры,UNVERIFIED,presence-only coverage check needs the IDML index-story text extract; see coverage.py scope note
Предметы и термины,260,I,оружие\оружие Пашупати,оружие Пашупати,UNVERIFIED,presence-only coverage check needs the IDML index-story text extract; see coverage.py scope note
Предметы и термины,261,I,оружие\оружие Рудры,оружие Рудры,UNVERIFIED,presence-only coverage check needs the IDML index-story text extract; see coverage.py scope note
Предметы и термины,262,I,"оружие\Пайнака, или Пинака, стрела Рудры",Пайнака,UNVERIFIED,presence-only coverage check needs the IDML index-story text extract; see coverage.py scope note
Предметы и термины,263,I,оружие\пика Шивы,пика Шивы,UNVERIFIED,presence-only coverage check needs the IDML index-story text extract; see coverage.py scope note
Предметы и термины,264,I,"оружие\Пратхама, стрела Ваю","Пратхама, стрела Ваю",UNVERIFIED,presence-only coverage check needs the IDML index-story text extract; see coverage.py scope note
Предметы и термины,265,I,"оружие\Пьянящая, стрела","Пьянящая, стрела",UNVERIFIED,presence-only coverage check needs the IDML index-story text extract; see coverage.py scope note
Предметы и термины,266,I,"оружие\Разрывающая, стрела","Разрывающая, стрела",UNVERIFIED,presence-only coverage check needs the IDML index-story text extract; see coverage.py scope note
Предметы и термины,267,I,"оружие\Самварта, палица","Самварта, палица",UNVERIFIED,presence-only coverage check needs the IDML index-story text extract; see coverage.py scope note
Предметы и термины,268,I,оружие\Сатья,Сатья,UNVERIFIED,presence-only coverage check needs the IDML index-story text extract; see coverage.py scope note
Предметы и термины,269,I,оружие\Саумана,Саумана,UNVERIFIED,presence-only coverage check needs the IDML index-story text extract; see coverage.py scope note
Предметы и термины,270,I,оружие\сеть Брахмы,сеть Брахмы,UNVERIFIED,presence-only coverage check needs the IDML index-story text extract; see coverage.py scope note
Предметы и термины,271,I,оружие\сеть Варуны,сеть Варуны,UNVERIFIED,presence-only coverage check needs the IDML index-story text extract; see coverage.py scope note
Предметы и термины,272,I,"оружие\Сжигающая, стрела","Сжигающая, стрела",UNVERIFIED,presence-only coverage check needs the IDML index-story text extract; see coverage.py scope note
Предметы и термины,273,I,"оружие\Слезящая, стрела","Слезящая, стрела",UNVERIFIED,presence-only coverage check needs the IDML index-story text extract; see coverage.py scope note
Предметы и термины,274,I,оружие\стрела Брахмы,стрела Брахмы,UNVERIFIED,presence-only coverage check needs the IDML index-story text extract; see coverage.py scope note
Предметы и термины,275,I,оружие\стрела видьядхаров,стрела видьядхаров,UNVERIFIED,presence-only coverage check needs the IDML index-story text extract; see coverage.py scope note
Предметы и термины,276,I,оружие\стрела Вишну,стрела Вишну,UNVERIFIED,presence-only coverage check needs the IDML index-story text extract; see coverage.py scope note
Предметы и термины,277,I,оружие\стрела Калы,стрела Калы,UNVERIFIED,presence-only coverage check needs the IDML index-story text extract; see coverage.py scope note
Предметы и термины,278,I,оружие\стрела Нараяны,стрела Нараяны,UNVERIFIED,presence-only coverage check needs the IDML index-story text extract; see coverage.py scope note
Предметы и термины,279,I,"оружие\Сударуна, оружие Тваштара","Сударуна, оружие Тваштара",UNVERIFIED,presence-only coverage check needs the IDML index-story text extract; see coverage.py scope note
Предметы и термины,280,I,"оружие\Сухой, дротик","Сухой, дротик",UNVERIFIED,presence-only coverage check needs the IDML index-story text extract; see coverage.py scope note
Предметы и термины,281,I,"оружие\Тамаса, стрела (?), наводящая тьму","Тамаса, стрела (?), наводящая тьму",UNVERIFIED,presence-only coverage check needs the IDML index-story text extract; see coverage.py scope note
Предметы и термины,282,I,оружие\Теджаспрабха,Теджаспрабха,UNVERIFIED,presence-only coverage check needs the IDML index-story text extract; see coverage.py scope note
Предметы и термины,283,I,оружие\Трезубец,Трезубец,UNVERIFIED,presence-only coverage check needs the IDML index-story text extract; see coverage.py scope note
Предметы и термины,284,I,"оружие\Увлажняющая, стрела","Увлажняющая, стрела",UNVERIFIED,presence-only coverage check needs the IDML index-story text extract; see coverage.py scope note
Предметы и термины,285,I,оружие\Усмиряющее оружие Сомы,Усмиряющее оружие Сомы,UNVERIFIED,presence-only coverage check needs the IDML index-story text extract; see coverage.py scope note
Предметы и термины,286,I,оружие\Усыпляющая стрела гандхарвов,Усыпляющая стрела гандхарвов,UNVERIFIED,presence-only coverage check needs the IDML index-story text extract; see coverage.py scope note
Предметы и термины,287,I,оружие\Усыпляющее оружие Сомы,Усыпляющее оружие Сомы,UNVERIFIED,presence-only coverage check needs the IDML index-story text extract; see coverage.py scope note
Предметы и термины,288,I,"оружие\Хаяширас, стрела","Хаяширас, стрела",UNVERIFIED,presence-only coverage check needs the IDML index-story text extract; see coverage.py scope note
Предметы и термины,289,I,"оружие\Шикхара, стрела Агни","Шикхара, стрела Агни",UNVERIFIED,presence-only coverage check needs the IDML index-story text extract; see coverage.py scope note
Предметы и термины,290,I,"оружие\Шикхари, булава","Шикхари, булава",UNVERIFIED,presence-only coverage check needs the IDML index-story text extract; see coverage.py scope note
Предметы и термины,291,I,"оружие\Шита, оружие Ману","Шита, оружие Ману",UNVERIFIED,presence-only coverage check needs the IDML index-story text extract; see coverage.py scope note
Предметы и термины,292,I,"оружие\Шишира, оружие Сомы","Шишира, оружие Сомы",UNVERIFIED,presence-only coverage check needs the IDML index-story text extract; see coverage.py scope note
Предметы и термины,293,I,"отшельник, отшельники","отшельник, отшельники",UNVERIFIED,presence-only coverage check needs the IDML index-story text extract; see coverage.py scope note
Предметы и термины,294,I,пада,пада,UNVERIFIED,presence-only coverage check needs the IDML index-story text extract; see coverage.py scope note
Предметы и термины,295,I,падья,падья,UNVERIFIED,presence-only coverage check needs the IDML index-story text extract; see coverage.py scope note
Предметы и термины,296,I,"паннаги (ураги, махораги)","паннаги (ураги, махораги)",UNVERIFIED,presence-only coverage check needs the IDML index-story text extract; see coverage.py scope note
Предметы и термины,297,I,"париврикти, или паривритти",париврикти,UNVERIFIED,presence-only coverage check needs the IDML index-story text extract; see coverage.py scope note
Предметы и термины,298,I,патала (подземный мир),патала (подземный мир),UNVERIFIED,presence-only coverage check needs the IDML index-story text extract; see coverage.py scope note
Предметы и термины,299,I,пахтанье (молочного) океана,пахтанье (молочного) океана,UNVERIFIED,presence-only coverage check needs the IDML index-story text extract; see coverage.py scope note
Предметы и термины,300,I,паша,паша,UNVERIFIED,presence-only coverage check needs the IDML index-story text extract; see coverage.py scope note
Предметы и термины,301,I,паяса,паяса,UNVERIFIED,presence-only coverage check needs the IDML index-story text extract; see coverage.py scope note
Предметы и термины,302,I,"певец, певцы","певец, певцы",UNVERIFIED,presence-only coverage check needs the IDML index-story text extract; see coverage.py scope note
Предметы и термины,303,I,песнопения,песнопения,UNVERIFIED,presence-only coverage check needs the IDML index-story text extract; see coverage.py scope note
Предметы и термины,304,I,пинда,пинда,UNVERIFIED,presence-only coverage check needs the IDML index-story text extract; see coverage.py scope note
Предметы и термины,305,I,пишачи,пишачи,UNVERIFIED,presence-only coverage check needs the IDML index-story text extract; see coverage.py scope note
Предметы и термины,306,I,планеты,планеты,UNVERIFIED,presence-only coverage check needs the IDML index-story text extract; see coverage.py scope note
Предметы и термины,307,I,"планеты\пять (семь, девять) планет","пять (семь, девять) планет",UNVERIFIED,presence-only coverage check needs the IDML index-story text extract; see coverage.py scope note
Предметы и термины,308,I,погребальная жертва,погребальная жертва,UNVERIFIED,presence-only coverage check needs the IDML index-story text extract; see coverage.py scope note
Предметы и термины,309,I,"подвижник, подвижники","подвижник, подвижники",UNVERIFIED,presence-only coverage check needs the IDML index-story text extract; see coverage.py scope note
Предметы и термины,310,I,праваргья,праваргья,UNVERIFIED,presence-only coverage check needs the IDML index-story text extract; see coverage.py scope note
Предметы и термины,311,I,прадакшина,прадакшина,UNVERIFIED,presence-only coverage check needs the IDML index-story text extract; see coverage.py scope note
Предметы и термины,312,I,пралая,пралая,UNVERIFIED,presence-only coverage check needs the IDML index-story text extract; see coverage.py scope note
Предметы и термины,313,I,прана,прана,UNVERIFIED,presence-only coverage check needs the IDML index-story text extract; see coverage.py scope note
Предметы и термины,314,I,пранджали,пранджали,UNVERIFIED,presence-only coverage check needs the IDML index-story text extract; see coverage.py scope note
Предметы и термины,315,I,предки,предки,UNVERIFIED,presence-only coverage check needs the IDML index-story text extract; see coverage.py scope note
Предметы и термины,316,I,призраки,призраки,UNVERIFIED,presence-only coverage check needs the IDML index-story text extract; see coverage.py scope note
Предметы и термины,317,I,Проштхапада,Проштхапада,UNVERIFIED,presence-only coverage check needs the IDML index-story text extract; see coverage.py scope note
Предметы и термины,318,I,пуджа,пуджа,UNVERIFIED,presence-only coverage check needs the IDML index-story text extract; see coverage.py scope note
Предметы и термины,319,I,пураны,пураны,UNVERIFIED,presence-only coverage check needs the IDML index-story text extract; see coverage.py scope note
Предметы и термины,320,I,пурнамаса,пурнамаса,UNVERIFIED,presence-only coverage check needs the IDML index-story text extract; see coverage.py scope note
Предметы и термины,321,I,пурохита,пурохита,UNVERIFIED,presence-only coverage check needs the IDML index-story text extract; see coverage.py scope note
Предметы и термины,322,I,пут,пут,UNVERIFIED,presence-only coverage check needs the IDML index-story text extract; see coverage.py scope note
Предметы и термины,323,I,путра,путра,UNVERIFIED,presence-only coverage check needs the IDML index-story text extract; see coverage.py scope note
Предметы и термины,324,I,путрия,путрия,UNVERIFIED,presence-only coverage check needs the IDML index-story text extract; see coverage.py scope note
Предметы и термины,325,I,Путь богов (Млечный путь),Путь богов (Млечный путь),UNVERIFIED,presence-only coverage check needs the IDML index-story text extract; see coverage.py scope note
Предметы и термины,326,I,Пушпака,Пушпака,UNVERIFIED,presence-only coverage check needs the IDML index-story text extract; see coverage.py scope note
Предметы и термины,327,I,Пушья,Пушья,UNVERIFIED,presence-only coverage check needs the IDML index-story text extract; see coverage.py scope note
Предметы и термины,328,I,Первая Пхалгуни,Первая Пхалгуни,UNVERIFIED,presence-only coverage check needs the IDML index-story text extract; see coverage.py scope note
Предметы и термины,329,I,пять первоэлементов,пять первоэлементов,UNVERIFIED,presence-only coverage check needs the IDML index-story text extract; see coverage.py scope note
Предметы и термины,330,I,рага,рага,UNVERIFIED,presence-only coverage check needs the IDML index-story text extract; see coverage.py scope note
Предметы и термины,331,I,раджапутра,раджапутра,UNVERIFIED,presence-only coverage check needs the IDML index-story text extract; see coverage.py scope note
Предметы и термины,332,I,раджасуя,раджасуя,UNVERIFIED,presence-only coverage check needs the IDML index-story text extract; see coverage.py scope note
Предметы и термины,333,I,разум,разум,UNVERIFIED,presence-only coverage check needs the IDML index-story text extract; see coverage.py scope note
Предметы и термины,334,I,Рак,Рак,UNVERIFIED,presence-only coverage check needs the IDML index-story text extract; see coverage.py scope note
Предметы и термины,335,I,раковина,раковина,UNVERIFIED,presence-only coverage check needs the IDML index-story text extract; see coverage.py scope note
Предметы и термины,336,I,"ракшасы, ракшаси","ракшасы, ракшаси",UNVERIFIED,presence-only coverage check needs the IDML index-story text extract; see coverage.py scope note
Предметы и термины,337,I,раса,раса,UNVERIFIED,presence-only coverage check needs the IDML index-story text extract; see coverage.py scope note
Предметы и термины,338,I,"раса\амрита, или напиток бессмертия",амрита,UNVERIFIED,presence-only coverage check needs the IDML index-story text extract; see coverage.py scope note
Предметы и термины,339,I,раса\сома,сома,UNVERIFIED,presence-only coverage check needs the IDML index-story text extract; see coverage.py scope note
Предметы и термины,340,I,раса,раса,UNVERIFIED,presence-only coverage check needs the IDML index-story text extract; see coverage.py scope note
Предметы и термины,341,I,Раса,Раса,UNVERIFIED,presence-only coverage check needs the IDML index-story text extract; see coverage.py scope note
Предметы и термины,342,I,расатала,расатала,UNVERIFIED,presence-only coverage check needs the IDML index-story text extract; see coverage.py scope note
Предметы и термины,343,I,рахасья,рахасья,UNVERIFIED,presence-only coverage check needs the IDML index-story text extract; see coverage.py scope note
Предметы и термины,344,I,рисовая каша,рисовая каша,UNVERIFIED,presence-only coverage check needs the IDML index-story text extract; see coverage.py scope note
Предметы и термины,345,I,риши,риши,UNVERIFIED,presence-only coverage check needs the IDML index-story text extract; see coverage.py scope note
Предметы и термины,346,I,риши\божественные мудрецы,божественные мудрецы,UNVERIFIED,presence-only coverage check needs the IDML index-story text extract; see coverage.py scope note
Предметы и термины,347,I,риши\брахмариши,брахмариши,UNVERIFIED,presence-only coverage check needs the IDML index-story text extract; see coverage.py scope note
Предметы и термины,348,I,риши\девариши или божественные риши,девариши или божественные риши,UNVERIFIED,presence-only coverage check needs the IDML index-story text extract; see coverage.py scope note
Предметы и термины,349,I,"риши\махариши, или великие риши",махариши,UNVERIFIED,presence-only coverage check needs the IDML index-story text extract; see coverage.py scope note
Предметы и термины,350,I,риши\риши-валакхильи,риши-валакхильи,UNVERIFIED,presence-only coverage check needs the IDML index-story text extract; see coverage.py scope note
Предметы и термины,351,I,риши\царственные риши,царственные риши,UNVERIFIED,presence-only coverage check needs the IDML index-story text extract; see coverage.py scope note
Предметы и термины,352,I,рудры,рудры,UNVERIFIED,presence-only coverage check needs the IDML index-story text extract; see coverage.py scope note
Предметы и термины,353,I,Рыбы,Рыбы,UNVERIFIED,presence-only coverage check needs the IDML index-story text extract; see coverage.py scope note
Предметы и термины,354,I,садас,садас,UNVERIFIED,presence-only coverage check needs the IDML index-story text extract; see coverage.py scope note
Предметы и термины,355,I,садхарана,садхарана,UNVERIFIED,presence-only coverage check needs the IDML index-story text extract; see coverage.py scope note
Предметы и термины,356,I,саманы (песнопение),саманы (песнопение),UNVERIFIED,presence-only coverage check needs the IDML index-story text extract; see coverage.py scope note
Предметы и термины,357,I,самхита,самхита,UNVERIFIED,presence-only coverage check needs the IDML index-story text extract; see coverage.py scope note
Предметы и термины,358,I,сандалии,сандалии,UNVERIFIED,presence-only coverage check needs the IDML index-story text extract; see coverage.py scope note
Предметы и термины,359,I,сарга,сарга,UNVERIFIED,presence-only coverage check needs the IDML index-story text extract; see coverage.py scope note
Предметы и термины,360,I,Сарпа,Сарпа,UNVERIFIED,presence-only coverage check needs the IDML index-story text extract; see coverage.py scope note
Предметы и термины,361,I,свастика,свастика,UNVERIFIED,presence-only coverage check needs the IDML index-story text extract; see coverage.py scope note
Предметы и термины,362,I,сваямвара,сваямвара,UNVERIFIED,presence-only coverage check needs the IDML index-story text extract; see coverage.py scope note
Предметы и термины,363,I,святилище,святилище,UNVERIFIED,presence-only coverage check needs the IDML index-story text extract; see coverage.py scope note
Предметы и термины,364,I,семь святых мудрецов (риши),семь святых мудрецов (риши),UNVERIFIED,presence-only coverage check needs the IDML index-story text extract; see coverage.py scope note
Предметы и термины,365,I,сиддхи,сиддхи,UNVERIFIED,presence-only coverage check needs the IDML index-story text extract; see coverage.py scope note
Предметы и термины,366,I,сказители,сказители,UNVERIFIED,presence-only coverage check needs the IDML index-story text extract; see coverage.py scope note
Предметы и термины,367,I,Смерть,Смерть,UNVERIFIED,presence-only coverage check needs the IDML index-story text extract; see coverage.py scope note
Предметы и термины,368,I,смрити,смрити,UNVERIFIED,presence-only coverage check needs the IDML index-story text extract; see coverage.py scope note
Предметы и термины,369,I,собрание,собрание,UNVERIFIED,presence-only coverage check needs the IDML index-story text extract; see coverage.py scope note
Предметы и термины,370,I,"советник, советники","советник, советники",UNVERIFIED,presence-only coverage check needs the IDML index-story text extract; see coverage.py scope note
Предметы и термины,371,I,созвездие Семи Риши,созвездие Семи Риши,UNVERIFIED,presence-only coverage check needs the IDML index-story text extract; see coverage.py scope note
Предметы и термины,372,I,созерцание,созерцание,UNVERIFIED,presence-only coverage check needs the IDML index-story text extract; see coverage.py scope note
Предметы и термины,373,I,династия\Солнечная династия,Солнечная династия,UNVERIFIED,presence-only coverage check needs the IDML index-story text extract; see coverage.py scope note
Предметы и термины,374,I,стража (промежуток времени),стража (промежуток времени),UNVERIFIED,presence-only coverage check needs the IDML index-story text extract; see coverage.py scope note
Предметы и термины,375,I,стхапати,стхапати,UNVERIFIED,presence-only coverage check needs the IDML index-story text extract; see coverage.py scope note
Предметы и термины,376,I,судьба,судьба,UNVERIFIED,presence-only coverage check needs the IDML index-story text extract; see coverage.py scope note
Предметы и термины,377,I,сута,сута,UNVERIFIED,presence-only coverage check needs the IDML index-story text extract; see coverage.py scope note
Предметы и термины,378,I,суты,суты,UNVERIFIED,presence-only coverage check needs the IDML index-story text extract; see coverage.py scope note
Предметы и термины,379,I,тайттирия,тайттирия,UNVERIFIED,presence-only coverage check needs the IDML index-story text extract; see coverage.py scope note
Предметы и термины,380,I,таладжангхи,таладжангхи,UNVERIFIED,presence-only coverage check needs the IDML index-story text extract; see coverage.py scope note
Предметы и термины,381,I,тамбурин,тамбурин,UNVERIFIED,presence-only coverage check needs the IDML index-story text extract; see coverage.py scope note
Предметы и термины,382,I,тантри,тантри,UNVERIFIED,presence-only coverage check needs the IDML index-story text extract; see coverage.py scope note
Предметы и термины,383,I,тапас,тапас,UNVERIFIED,presence-only coverage check needs the IDML index-story text extract; see coverage.py scope note
Предметы и термины,384,I,таркшьи,таркшьи,UNVERIFIED,presence-only coverage check needs the IDML index-story text extract; see coverage.py scope note
Предметы и термины,385,I,теджас,теджас,UNVERIFIED,presence-only coverage check needs the IDML index-story text extract; see coverage.py scope note
Предметы и термины,386,I,тилака,тилака,UNVERIFIED,presence-only coverage check needs the IDML index-story text extract; see coverage.py scope note
Предметы и термины,387,I,тимпан,тимпан,UNVERIFIED,presence-only coverage check needs the IDML index-story text extract; see coverage.py scope note
Предметы и термины,388,I,тиртха,тиртха,UNVERIFIED,presence-only coverage check needs the IDML index-story text extract; see coverage.py scope note
Предметы и термины,389,I,три мира,три мира,UNVERIFIED,presence-only coverage check needs the IDML index-story text extract; see coverage.py scope note
Предметы и термины,390,I,триварга (три цели),триварга (три цели),UNVERIFIED,presence-only coverage check needs the IDML index-story text extract; see coverage.py scope note
Предметы и термины,391,I,триварга (три цели)\артха,артха,UNVERIFIED,presence-only coverage check needs the IDML index-story text extract; see coverage.py scope note
Предметы и термины,392,I,триварга (три цели)\дхарма,дхарма,UNVERIFIED,presence-only coverage check needs the IDML index-story text extract; see coverage.py scope note
Предметы и термины,393,I,триварга (три цели)\кама,кама,UNVERIFIED,presence-only coverage check needs the IDML index-story text extract; see coverage.py scope note
Предметы и термины,394,I,"тридцатка, или тридцать три бога, или тридцать три губителя недругов",тридцатка,UNVERIFIED,presence-only coverage check needs the IDML index-story text extract; see coverage.py scope note
Предметы и термины,395,I,удгатар,удгатар,UNVERIFIED,presence-only coverage check needs the IDML index-story text extract; see coverage.py scope note
Предметы и термины,396,I,уктхьея,уктхьея,UNVERIFIED,presence-only coverage check needs the IDML index-story text extract; see coverage.py scope note
Предметы и термины,397,I,уктхья,уктхья,UNVERIFIED,presence-only coverage check needs the IDML index-story text extract; see coverage.py scope note
Предметы и термины,398,I,упанишады,упанишады,UNVERIFIED,presence-only coverage check needs the IDML index-story text extract; see coverage.py scope note
Предметы и термины,399,I,упасад,упасад,UNVERIFIED,presence-only coverage check needs the IDML index-story text extract; see coverage.py scope note
Предметы и термины,400,I,"Вторая Пхалгуни, или Уттара Пхалгуни",Вторая Пхалгуни,UNVERIFIED,presence-only coverage check needs the IDML index-story text extract; see coverage.py scope note
Предметы и термины,401,I,"халахала, или калакута",халахала,UNVERIFIED,presence-only coverage check needs the IDML index-story text extract; see coverage.py scope note
Предметы и термины,402,I,хотар,хотар,UNVERIFIED,presence-only coverage check needs the IDML index-story text extract; see coverage.py scope note
Предметы и термины,403,I,"Хранитель мира, или локапала (бог)",Хранитель мира,UNVERIFIED,presence-only coverage check needs the IDML index-story text extract; see coverage.py scope note
Предметы и термины,404,I,"Хранитель мира, или локапала (слон)",Хранитель мира,UNVERIFIED,presence-only coverage check needs the IDML index-story text extract; see coverage.py scope note
Предметы и термины,405,I,Чайтра,Чайтра,UNVERIFIED,presence-only coverage check needs the IDML index-story text extract; see coverage.py scope note
Предметы и термины,406,I,чакра,чакра,UNVERIFIED,presence-only coverage check needs the IDML index-story text extract; see coverage.py scope note
Предметы и термины,407,I,чакра,чакра,UNVERIFIED,presence-only coverage check needs the IDML index-story text extract; see coverage.py scope note
Предметы и термины,408,I,чакравартин,чакравартин,UNVERIFIED,presence-only coverage check needs the IDML index-story text extract; see coverage.py scope note
Предметы и термины,409,I,чандала,чандала,UNVERIFIED,presence-only coverage check needs the IDML index-story text extract; see coverage.py scope note
Предметы и термины,410,I,чараны,чараны,UNVERIFIED,presence-only coverage check needs the IDML index-story text extract; see coverage.py scope note
Предметы и термины,411,I,час Митры,час Митры,UNVERIFIED,presence-only coverage check needs the IDML index-story text extract; see coverage.py scope note
Предметы и термины,412,I,чатуштома,чатуштома,UNVERIFIED,presence-only coverage check needs the IDML index-story text extract; see coverage.py scope note
Предметы и термины,413,I,чаша,чаша,UNVERIFIED,presence-only coverage check needs the IDML index-story text extract; see coverage.py scope note
Предметы и термины,414,I,Читра,Читра,UNVERIFIED,presence-only coverage check needs the IDML index-story text extract; see coverage.py scope note
Предметы и термины,415,I,шанкха,шанкха,UNVERIFIED,presence-only coverage check needs the IDML index-story text extract; see coverage.py scope note
Предметы и термины,416,I,шастра,шастра,UNVERIFIED,presence-only coverage check needs the IDML index-story text extract; see coverage.py scope note
Предметы и термины,417,I,"шлока, шлоки","шлока, шлоки",UNVERIFIED,presence-only coverage check needs the IDML index-story text extract; see coverage.py scope note
Предметы и термины,418,I,шраддха,шраддха,UNVERIFIED,presence-only coverage check needs the IDML index-story text extract; see coverage.py scope note
Предметы и термины,419,I,шрути,шрути,UNVERIFIED,presence-only coverage check needs the IDML index-story text extract; see coverage.py scope note
Предметы и термины,420,I,ювараджа,ювараджа,UNVERIFIED,presence-only coverage check needs the IDML index-story text extract; see coverage.py scope note
Предметы и термины,421,I,юга,юга,UNVERIFIED,presence-only coverage check needs the IDML index-story text extract; see coverage.py scope note
Предметы и термины,422,I,юга\двапара-юга,двапара-юга,UNVERIFIED,presence-only coverage check needs the IDML index-story text extract; see coverage.py scope note
Предметы и термины,423,I,юга\кали-юга,кали-юга,UNVERIFIED,presence-only coverage check needs the IDML index-story text extract; see coverage.py scope note
Предметы и термины,424,I,"юга\сатья-юга, или крита-юга",сатья-юга,UNVERIFIED,presence-only coverage check needs the IDML index-story text extract; see coverage.py scope note
Предметы и термины,425,I,юга\трета-юга,трета-юга,UNVERIFIED,presence-only coverage check needs the IDML index-story text extract; see coverage.py scope note
Предметы и термины,426,I,второе созвездие Семи Риши или созвездие Южного Креста,второе созвездие Семи Риши или созвездие Южного Креста,UNVERIFIED,presence-only coverage check needs the IDML index-story text extract; see coverage.py scope note
Предметы и термины,427,I,"якши, якшини","якши, якшини",UNVERIFIED,presence-only coverage check needs the IDML index-story text extract; see coverage.py scope note
Предметы и термины,428,I,янтра,янтра,UNVERIFIED,presence-only coverage check needs the IDML index-story text extract; see coverage.py scope note
Предметы и термины,429,I,сарга (песня),сарга (песня),UNVERIFIED,presence-only coverage check needs the IDML index-story text extract; see coverage.py scope note
Предметы и термины,430,I,харихая,харихая,UNVERIFIED,presence-only coverage check needs the IDML index-story text extract; see coverage.py scope note
Флора и фауна,2,I,агару,агару,UNVERIFIED,presence-only coverage check needs the IDML index-story text extract; see coverage.py scope note
Флора и фауна,3,I,"акула, акулы","акула, акулы",UNVERIFIED,presence-only coverage check needs the IDML index-story text extract; see coverage.py scope note
Флора и фауна,4,I,алоэ,алоэ,UNVERIFIED,presence-only coverage check needs the IDML index-story text extract; see coverage.py scope note
Флора и фауна,5,I,амалака,амалака,UNVERIFIED,presence-only coverage check needs the IDML index-story text extract; see coverage.py scope note
Флора и фауна,6,I,амра,амра,UNVERIFIED,presence-only coverage check needs the IDML index-story text extract; see coverage.py scope note
Флора и фауна,7,I,анкола,анкола,UNVERIFIED,presence-only coverage check needs the IDML index-story text extract; see coverage.py scope note
Флора и фауна,8,I,аришта,аришта,UNVERIFIED,presence-only coverage check needs the IDML index-story text extract; see coverage.py scope note
Флора и фауна,9,I,асана,асана,UNVERIFIED,presence-only coverage check needs the IDML index-story text extract; see coverage.py scope note
Флора и фауна,10,I,ашвакарна,ашвакарна,UNVERIFIED,presence-only coverage check needs the IDML index-story text extract; see coverage.py scope note
Флора и фауна,11,I,ашваттха,ашваттха,UNVERIFIED,presence-only coverage check needs the IDML index-story text extract; see coverage.py scope note
Флора и фауна,12,I,ашока,ашока,UNVERIFIED,presence-only coverage check needs the IDML index-story text extract; see coverage.py scope note
Флора и фауна,13,I,бадари,бадари,UNVERIFIED,presence-only coverage check needs the IDML index-story text extract; see coverage.py scope note
Флора и фауна,14,I,баньян,баньян,UNVERIFIED,presence-only coverage check needs the IDML index-story text extract; see coverage.py scope note
Флора и фауна,15,I,баран,баран,UNVERIFIED,presence-only coverage check needs the IDML index-story text extract; see coverage.py scope note
Флора и фауна,16,I,"бибхитака, или вибхитака",бибхитака,UNVERIFIED,presence-only coverage check needs the IDML index-story text extract; see coverage.py scope note
Флора и фауна,17,I,биджака,биджака,UNVERIFIED,presence-only coverage check needs the IDML index-story text extract; see coverage.py scope note
Флора и фауна,18,I,биджапурака,биджапурака,UNVERIFIED,presence-only coverage check needs the IDML index-story text extract; see coverage.py scope note
Флора и фауна,19,I,билва,билва,UNVERIFIED,presence-only coverage check needs the IDML index-story text extract; see coverage.py scope note
Флора и фауна,20,I,бхавья,бхавья,UNVERIFIED,presence-only coverage check needs the IDML index-story text extract; see coverage.py scope note
Флора и фауна,21,I,бхаллатака,бхаллатака,UNVERIFIED,presence-only coverage check needs the IDML index-story text extract; see coverage.py scope note
Флора и фауна,22,I,бхурджа,бхурджа,UNVERIFIED,presence-only coverage check needs the IDML index-story text extract; see coverage.py scope note
Флора и фауна,23,I,варана,варана,UNVERIFIED,presence-only coverage check needs the IDML index-story text extract; see coverage.py scope note
Флора и фауна,24,I,вену,вену,UNVERIFIED,presence-only coverage check needs the IDML index-story text extract; see coverage.py scope note
Флора и фауна,25,I,ветаса,ветаса,UNVERIFIED,presence-only coverage check needs the IDML index-story text extract; see coverage.py scope note
Флора и фауна,26,I,ветра,ветра,UNVERIFIED,presence-only coverage check needs the IDML index-story text extract; see coverage.py scope note
Флора и фауна,27,I,дарбха,дарбха,UNVERIFIED,presence-only coverage check needs the IDML index-story text extract; see coverage.py scope note
Флора и фауна,28,I,"дельфин, дельфины","дельфин, дельфины",UNVERIFIED,presence-only coverage check needs the IDML index-story text extract; see coverage.py scope note
Флора и фауна,29,I,деодар,деодар,UNVERIFIED,presence-only coverage check needs the IDML index-story text extract; see coverage.py scope note
Флора и фауна,30,I,джамбу,джамбу,UNVERIFIED,presence-only coverage check needs the IDML index-story text extract; see coverage.py scope note
Флора и фауна,31,I,джати,джати,UNVERIFIED,presence-only coverage check needs the IDML index-story text extract; see coverage.py scope note
Флора и фауна,32,I,джримбха,джримбха,UNVERIFIED,presence-only coverage check needs the IDML index-story text extract; see coverage.py scope note
Флора и фауна,33,I,дхава,дхава,UNVERIFIED,presence-only coverage check needs the IDML index-story text extract; see coverage.py scope note
Флора и фауна,34,I,дханвана,дханвана,UNVERIFIED,presence-only coverage check needs the IDML index-story text extract; see coverage.py scope note
Флора и фауна,35,I,ингуди,ингуди,UNVERIFIED,presence-only coverage check needs the IDML index-story text extract; see coverage.py scope note
Флора и фауна,36,I,индури,индури,UNVERIFIED,presence-only coverage check needs the IDML index-story text extract; see coverage.py scope note
Флора и фауна,37,I,какубха,какубха,UNVERIFIED,presence-only coverage check needs the IDML index-story text extract; see coverage.py scope note
Флора и фауна,38,I,калаханса,калаханса,UNVERIFIED,presence-only coverage check needs the IDML index-story text extract; see coverage.py scope note
Флора и фауна,39,I,капиттха,капиттха,UNVERIFIED,presence-only coverage check needs the IDML index-story text extract; see coverage.py scope note
Флора и фауна,40,I,карникара,карникара,UNVERIFIED,presence-only coverage check needs the IDML index-story text extract; see coverage.py scope note
Флора и фауна,41,I,каша,каша,UNVERIFIED,presence-only coverage check needs the IDML index-story text extract; see coverage.py scope note
Флора и фауна,42,I,кашмарья,кашмарья,UNVERIFIED,presence-only coverage check needs the IDML index-story text extract; see coverage.py scope note
Флора и фауна,43,I,"киншука, или палаша",киншука,UNVERIFIED,presence-only coverage check needs the IDML index-story text extract; see coverage.py scope note
Флора и фауна,44,I,"ковидара, или ковидра",ковидара,UNVERIFIED,presence-only coverage check needs the IDML index-story text extract; see coverage.py scope note
Флора и фауна,45,I,кокила,кокила,UNVERIFIED,presence-only coverage check needs the IDML index-story text extract; see coverage.py scope note
Флора и фауна,46,I,кояштибха,кояштибха,UNVERIFIED,presence-only coverage check needs the IDML index-story text extract; see coverage.py scope note
Флора и фауна,47,I,краунча,краунча,UNVERIFIED,presence-only coverage check needs the IDML index-story text extract; see coverage.py scope note
Флора и фауна,48,I,"крокодил, крокодилы","крокодил, крокодилы",UNVERIFIED,presence-only coverage check needs the IDML index-story text extract; see coverage.py scope note
Флора и фауна,49,I,куша,куша,UNVERIFIED,presence-only coverage check needs the IDML index-story text extract; see coverage.py scope note
Флора и фауна,50,I,куштха,куштха,UNVERIFIED,presence-only coverage check needs the IDML index-story text extract; see coverage.py scope note
Флора и фауна,51,I,кхадира,кхадира,UNVERIFIED,presence-only coverage check needs the IDML index-story text extract; see coverage.py scope note
Флора и фауна,52,I,кхарджура,кхарджура,UNVERIFIED,presence-only coverage check needs the IDML index-story text extract; see coverage.py scope note
Флора и фауна,53,I,"лань, лани","лань, лани",UNVERIFIED,presence-only coverage check needs the IDML index-story text extract; see coverage.py scope note
Флора и фауна,54,I,лодхра,лодхра,UNVERIFIED,presence-only coverage check needs the IDML index-story text extract; see coverage.py scope note
Флора и фауна,55,I,мадхука,мадхука,UNVERIFIED,presence-only coverage check needs the IDML index-story text extract; see coverage.py scope note
Флора и фауна,56,I,макара,макара,UNVERIFIED,presence-only coverage check needs the IDML index-story text extract; see coverage.py scope note
Флора и фауна,57,I,малати,малати,UNVERIFIED,presence-only coverage check needs the IDML index-story text extract; see coverage.py scope note
Флора и фауна,58,I,маллика,маллика,UNVERIFIED,presence-only coverage check needs the IDML index-story text extract; see coverage.py scope note
Флора и фауна,59,I,нимба,нимба,UNVERIFIED,presence-only coverage check needs the IDML index-story text extract; see coverage.py scope note
Флора и фауна,60,I,нипа,нипа,UNVERIFIED,presence-only coverage check needs the IDML index-story text extract; see coverage.py scope note
Флора и фауна,61,I,павлин,павлин,UNVERIFIED,presence-only coverage check needs the IDML index-story text extract; see coverage.py scope note
Флора и фауна,62,I,падмака,падмака,UNVERIFIED,presence-only coverage check needs the IDML index-story text extract; see coverage.py scope note
Флора и фауна,63,I,панаса,панаса,UNVERIFIED,presence-only coverage check needs the IDML index-story text extract; see coverage.py scope note
Флора и фауна,64,I,парни,парни,UNVERIFIED,presence-only coverage check needs the IDML index-story text extract; see coverage.py scope note
Флора и фауна,65,I,патала,патала,UNVERIFIED,presence-only coverage check needs the IDML index-story text extract; see coverage.py scope note
Флора и фауна,66,I,плакша,плакша,UNVERIFIED,presence-only coverage check needs the IDML index-story text extract; see coverage.py scope note
Флора и фауна,67,I,прияка,прияка,UNVERIFIED,presence-only coverage check needs the IDML index-story text extract; see coverage.py scope note
Флора и фауна,68,I,прияла,прияла,UNVERIFIED,presence-only coverage check needs the IDML index-story text extract; see coverage.py scope note
Флора и фауна,69,I,пуннага,пуннага,UNVERIFIED,presence-only coverage check needs the IDML index-story text extract; see coverage.py scope note
Флора и фауна,70,I,ратханга,ратханга,UNVERIFIED,presence-only coverage check needs the IDML index-story text extract; see coverage.py scope note
Флора и фауна,71,I,саллаки,саллаки,UNVERIFIED,presence-only coverage check needs the IDML index-story text extract; see coverage.py scope note
Флора и фауна,72,I,сандал,сандал,UNVERIFIED,presence-only coverage check needs the IDML index-story text extract; see coverage.py scope note
Флора и фауна,73,I,сарала,сарала,UNVERIFIED,presence-only coverage check needs the IDML index-story text extract; see coverage.py scope note
Флора и фауна,74,I,саранга,саранга,UNVERIFIED,presence-only coverage check needs the IDML index-story text extract; see coverage.py scope note
Флора и фауна,75,I,тала,тала,UNVERIFIED,presence-only coverage check needs the IDML index-story text extract; see coverage.py scope note
Флора и фауна,76,I,тамалака,тамалака,UNVERIFIED,presence-only coverage check needs the IDML index-story text extract; see coverage.py scope note
Флора и фауна,77,I,тилака,тилака,UNVERIFIED,presence-only coverage check needs the IDML index-story text extract; see coverage.py scope note
Флора и фауна,78,I,тиндука,тиндука,UNVERIFIED,presence-only coverage check needs the IDML index-story text extract; see coverage.py scope note
Флора и фауна,79,I,тиниша,тиниша,UNVERIFIED,presence-only coverage check needs the IDML index-story text extract; see coverage.py scope note
Флора и фауна,80,I,удумбара,удумбара,UNVERIFIED,presence-only coverage check needs the IDML index-story text extract; see coverage.py scope note
Флора и фауна,81,I,чакравака,чакравака,UNVERIFIED,presence-only coverage check needs the IDML index-story text extract; see coverage.py scope note
Флора и фауна,82,I,чампака,чампака,UNVERIFIED,presence-only coverage check needs the IDML index-story text extract; see coverage.py scope note
Флора и фауна,83,I,"черепаха, черепахи","черепаха, черепахи",UNVERIFIED,presence-only coverage check needs the IDML index-story text extract; see coverage.py scope note
Флора и фауна,84,I,чута,чута,UNVERIFIED,presence-only coverage check needs the IDML index-story text extract; see coverage.py scope note
Флора и фауна,85,I,"шала, или сала",шала,UNVERIFIED,presence-only coverage check needs the IDML index-story text extract; see coverage.py scope note
Флора и фауна,86,I,шара,шара,UNVERIFIED,presence-only coverage check needs the IDML index-story text extract; see coverage.py scope note
Флора и фауна,87,I,шиншапа,шиншапа,UNVERIFIED,presence-only coverage check needs the IDML index-story text extract; see coverage.py scope note
Флора и фауна,88,I,шлешмата,шлешмата,UNVERIFIED,presence-only coverage check needs the IDML index-story text extract; see coverage.py scope note
Флора и фауна,89,I,сома (гриб или растение),сома (гриб или растение),UNVERIFIED,presence-only coverage check needs the IDML index-story text extract; see coverage.py scope note
